Country	Subject Descriptor	Units	Scale	1980	1981	1982	1983	1984	1985	1986	1987	1988	1989	1990	1991	1992	1993	1994	1995	1996	1997	1998	1999	2000	2001	2002	2003	2004	2005	2006	2007	2008	2009	2010	2011	2012	2013	2014	2015	2016	2017	2018	Estimates Start After
Afghanistan	Gross domestic product per capita, constant prices	Purchasing power parity; 2011 international dollar	Units	n/a	n/a	n/a	n/a	n/a	n/a	n/a	n/a	n/a	n/a	n/a	n/a	n/a	n/a	n/a	n/a	n/a	n/a	n/a	n/a	n/a	n/a	1,026.919	1,072.081	1,038.717	1,122.246	1,146.868	1,251.729	1,267.823	1,490.030	1,570.952	1,621.757	1,788.776	1,828.781	1,819.260	1,783.941	1,774.189	1,776.667	1,792.807	2016
Albania	Gross domestic product per capita, constant prices	Purchasing power parity; 2011 international dollar	Units	4,832.599	5,006.762	5,044.226	4,992.692	4,986.521	4,811.770	4,983.941	4,846.314	4,689.155	5,012.146	4,430.501	3,209.248	2,996.298	3,304.041	3,636.879	3,985.101	4,374.851	3,921.383	4,294.558	4,878.960	5,251.229	5,740.349	6,018.785	6,375.350	6,755.111	7,165.007	7,635.952	8,154.220	8,833.316	9,191.342	9,579.496	9,849.795	10,005.930	10,126.890	10,328.955	10,587.715	10,959.542	11,380.817	11,861.930	2016
Algeria	Gross domestic product per capita, constant prices	Purchasing power parity; 2011 international dollar	Units	10,804.443	10,793.204	11,126.685	11,354.824	11,617.525	11,701.673	11,370.948	11,001.829	10,479.311	10,715.540	10,662.267	10,279.209	10,194.023	9,748.515	9,449.265	9,615.608	9,804.204	9,748.584	10,085.102	10,248.747	10,449.539	10,607.251	11,037.235	11,657.137	11,977.705	12,495.600	12,517.121	12,745.551	12,769.904	12,729.210	12,929.226	13,026.656	13,188.920	13,274.279	13,490.897	13,692.846	13,828.922	13,725.076	13,724.501	2017
Angola	Gross domestic product per capita, constant prices	Purchasing power parity; 2011 international dollar	Units	5,276.667	4,911.744	4,785.152	4,858.921	5,017.799	4,608.791	4,610.711	4,679.371	4,835.200	4,708.088	4,427.467	4,341.126	3,968.620	2,928.941	2,881.719	3,217.453	3,546.831	3,694.017	3,754.669	3,724.832	3,726.807	3,770.443	4,160.874	4,160.462	4,481.708	5,005.107	5,420.467	5,999.885	6,475.566	6,340.935	6,455.393	6,484.974	6,833.913	6,963.597	7,086.821	6,944.557	6,563.180	6,351.606	6,057.241	2015
Antigua and Barbuda	Gross domestic product per capita, constant prices	Purchasing power parity; 2011 international dollar	Units	9,082.002	9,502.954	9,605.137	10,268.087	11,497.089	12,586.548	14,280.633	15,495.797	16,550.257	17,580.036	18,127.329	18,371.772	18,285.157	18,825.064	19,574.309	18,228.217	18,907.659	19,393.543	19,770.804	20,009.091	20,906.228	19,537.380	19,527.445	20,490.029	21,434.899	22,566.686	25,168.403	27,206.247	26,908.646	23,399.015	21,483.228	20,812.723	21,313.319	21,064.632	21,811.269	22,447.906	23,281.034	23,868.651	24,872.466	2011
Argentina	Gross domestic product per capita, constant prices	Purchasing power parity; 2011 international dollar	Units	14,710.090	13,621.501	12,973.733	13,270.023	13,308.665	12,175.451	12,879.954	13,056.981	12,646.924	11,616.809	11,225.360	12,238.277	13,316.974	13,941.892	14,567.553	13,979.708	14,577.746	15,579.188	15,998.829	15,290.224	15,010.685	14,205.101	12,536.259	13,531.213	14,599.634	15,741.187	16,842.733	18,179.904	18,732.245	17,452.840	18,911.823	19,817.451	19,392.310	19,637.756	18,935.003	19,243.580	18,645.092	18,933.296	18,255.340	2017
Armenia	Gross domestic product per capita, constant prices	Purchasing power parity; 2011 international dollar	Units	n/a	n/a	n/a	n/a	n/a	n/a	n/a	n/a	n/a	n/a	n/a	n/a	2,073.380	1,824.289	1,969.555	2,174.022	2,322.467	2,424.077	2,600.944	2,700.767	2,868.115	3,160.190	3,640.015	4,165.172	4,616.563	5,303.119	6,023.035	6,874.067	7,376.325	6,353.904	6,501.674	6,803.483	7,283.920	7,499.040	7,755.846	7,994.229	8,014.463	8,613.141	9,045.501	2015
Aruba	Gross domestic product per capita, constant prices	Purchasing power parity; 2011 international dollar	Units	n/a	n/a	n/a	n/a	n/a	n/a	n/a	n/a	n/a	n/a	n/a	n/a	n/a	n/a	n/a	39,355.695	38,305.893	39,435.970	39,197.300	39,198.320	41,741.252	39,955.217	38,549.092	38,866.064	41,053.858	40,492.559	40,189.374	40,702.318	40,454.558	35,626.774	34,350.750	35,230.990	34,158.089	34,976.667	34,858.961	34,281.483	34,033.785	34,663.559	34,950.576	2017
Australia	Gross domestic product per capita, constant prices	Purchasing power parity; 2011 international dollar	Units	24,402.805	25,008.792	24,615.755	24,191.265	25,408.429	26,418.521	26,665.802	27,534.047	28,202.015	29,071.601	29,107.656	28,467.031	28,901.011	29,754.140	30,905.574	31,387.479	32,317.495	33,462.034	34,675.890	35,808.607	36,468.785	36,943.574	38,056.649	38,636.081	39,849.758	40,460.596	40,964.007	41,962.804	42,163.403	42,191.766	42,600.746	43,098.677	43,976.478	44,203.447	44,713.655	45,156.350	45,640.280	46,000.572	46,554.634	2018
Austria	Gross domestic product per capita, constant prices	Purchasing power parity; 2011 international dollar	Units	26,129.829	26,051.388	26,515.100	27,339.191	27,426.943	28,023.308	28,649.251	29,091.877	29,334.123	30,402.132	31,513.742	32,318.885	32,623.180	32,447.225	33,033.037	33,830.816	34,595.436	35,279.703	36,503.161	37,727.844	38,907.770	39,250.261	39,701.875	39,897.330	40,731.716	41,363.055	42,570.906	44,012.686	44,514.029	42,735.865	43,418.994	44,541.750	44,643.789	44,386.951	44,331.638	44,393.629	44,727.456	45,478.962	46,344.826	2017
Azerbaijan	Gross domestic product per capita, constant prices	Purchasing power parity; 2011 international dollar	Units	n/a	n/a	n/a	n/a	n/a	n/a	n/a	n/a	n/a	n/a	n/a	n/a	6,814.492	5,220.714	4,132.921	3,572.650	3,623.860	3,908.569	4,102.914	4,526.400	4,760.735	5,018.577	5,440.581	5,939.559	6,427.094	8,128.505	10,795.017	13,367.175	14,591.342	15,703.605	16,318.092	15,861.326	15,993.080	16,707.987	16,956.843	16,927.795	16,218.767	16,043.588	16,067.621	2017
The Bahamas	Gross domestic product per capita, constant prices	Purchasing power parity; 2011 international dollar	Units	27,652.318	26,348.524	27,369.018	28,577.652	28,624.575	29,412.864	29,666.112	30,250.914	30,301.813	30,476.302	30,286.516	28,534.906	26,974.025	26,594.403	26,962.780	27,572.796	28,251.169	29,154.976	30,030.977	31,659.431	32,451.968	32,811.809	33,213.872	32,334.806	32,176.056	32,828.908	33,246.840	33,325.350	32,171.613	30,477.732	30,604.958	30,452.460	31,045.721	30,576.835	30,194.390	30,172.954	29,335.563	29,428.529	29,772.898	2017
Bahrain	Gross domestic product per capita, constant prices	Purchasing power parity; 2011 international dollar	Units	40,934.983	40,456.625	41,540.781	42,980.728	43,320.303	41,488.201	40,268.247	38,405.859	39,279.142	38,296.813	39,296.007	38,586.721	40,661.265	42,616.980	42,843.405	42,533.156	42,774.020	42,639.488	43,544.681	44,945.462	46,848.020	46,291.737	44,526.744	43,989.332	43,676.757	43,218.759	42,583.305	42,615.480	42,525.329	40,944.905	40,777.394	42,962.579	44,050.316	44,797.470	44,564.241	43,978.264	43,795.409	44,569.888	44,495.097	2016
Bangladesh	Gross domestic product per capita, constant prices	Purchasing power parity; 2011 international dollar	Units	1,159.722	1,191.809	1,197.572	1,220.000	1,237.672	1,250.192	1,265.600	1,268.317	1,264.833	1,285.884	1,312.420	1,335.881	1,368.934	1,397.466	1,429.776	1,466.732	1,508.412	1,556.075	1,602.080	1,656.591	1,717.421	1,769.082	1,823.967	1,899.109	1,985.876	2,083.005	2,199.075	2,317.015	2,419.809	2,522.287	2,645.675	2,785.466	2,924.752	3,063.729	3,223.773	3,409.021	3,617.057	3,851.474	4,106.521	2013
Barbados	Gross domestic product per capita, constant prices	Purchasing power parity; 2011 international dollar	Units	13,943.963	13,631.140	12,924.350	12,954.422	13,385.283	13,493.869	14,137.202	14,455.502	14,908.434	15,389.716	14,829.502	14,202.005	13,346.057	13,406.549	13,626.717	13,852.890	14,349.098	14,972.797	15,474.589	15,468.902	16,102.355	15,672.487	15,750.334	16,046.210	16,222.309	16,809.015	17,695.333	17,950.972	18,037.370	17,091.070	16,653.889	16,460.772	16,392.555	16,115.680	16,037.598	16,344.195	16,669.928	16,599.889	16,475.094	2017
Belarus	Gross domestic product per capita, constant prices	Purchasing power parity; 2011 international dollar	Units	n/a	n/a	n/a	n/a	n/a	n/a	n/a	n/a	n/a	n/a	8,416.198	8,311.125	7,497.077	6,911.739	6,110.226	5,460.174	5,631.093	6,305.391	6,870.359	7,119.187	7,551.138	7,934.171	8,382.402	9,035.791	10,140.502	11,173.370	12,375.992	13,517.766	14,960.900	15,029.464	16,218.116	17,152.522	17,474.952	17,651.343	17,935.208	17,224.716	16,759.492	17,171.218	17,780.641	2017
Belgium	Gross domestic product per capita, constant prices	Purchasing power parity; 2011 international dollar	Units	25,189.886	25,098.488	25,270.329	25,340.317	25,978.467	26,394.992	26,872.910	27,476.456	28,742.278	29,583.935	30,450.236	30,886.722	31,249.904	30,806.929	31,699.328	32,359.352	32,834.439	33,961.745	34,557.766	35,713.969	36,920.098	37,131.355	37,622.813	37,745.329	38,964.673	39,592.405	40,331.495	41,434.285	41,436.508	40,178.034	40,950.038	41,077.273	40,894.004	40,747.595	41,100.725	41,596.352	41,940.079	42,497.398	42,884.551	2017
Belize	Gross domestic product per capita, constant prices	Purchasing power parity; 2011 international dollar	Units	3,182.910	3,183.367	2,889.174	2,980.982	3,230.539	3,098.478	3,230.588	3,840.156	4,173.992	4,696.544	5,076.509	5,512.313	6,022.377	6,212.597	6,045.731	5,930.808	5,866.267	5,863.065	5,865.125	6,260.321	6,884.340	7,019.568	7,158.707	7,583.547	7,685.897	7,635.877	7,733.645	7,563.015	7,550.260	7,583.287	7,821.720	7,784.074	7,810.621	7,675.891	7,798.407	7,859.937	7,614.067	7,526.154	7,556.457	2014
Benin	Gross domestic product per capita, constant prices	Purchasing power parity; 2011 international dollar	Units	1,724.655	1,698.996	1,676.075	1,590.819	1,548.414	1,563.692	1,556.808	1,478.637	1,481.313	1,397.803	1,476.580	1,487.871	1,479.500	1,511.978	1,490.573	1,529.468	1,546.200	1,586.102	1,600.857	1,622.031	1,666.441	1,703.068	1,728.677	1,734.749	1,757.889	1,736.095	1,752.947	1,805.552	1,841.307	1,831.939	1,818.835	1,820.895	1,855.901	1,935.895	2,003.918	1,991.825	2,016.592	2,078.731	2,156.887	2015
Bhutan	Gross domestic product per capita, constant prices	Purchasing power parity; 2011 international dollar	Units	1,102.657	1,220.005	1,286.607	1,349.967	1,417.737	1,438.388	1,504.674	1,747.667	1,948.957	2,018.906	2,177.925	2,288.827	2,367.479	2,485.423	2,575.638	2,746.756	2,888.074	3,001.394	3,104.280	3,233.440	3,365.691	3,497.216	3,721.116	3,941.763	4,088.280	4,247.921	4,435.303	4,897.271	5,321.952	5,522.731	5,936.793	6,406.600	6,698.947	6,827.710	6,985.320	7,299.200	7,708.566	8,145.905	8,479.759	2015
Bolivia	Gross domestic product per capita, constant prices	Purchasing power parity; 2011 international dollar	Units	4,583.124	4,246.190	3,995.538	3,755.635	3,671.458	3,536.095	3,374.636	3,387.065	3,414.339	3,471.284	3,557.934	3,668.730	3,652.883	3,703.002	3,768.136	3,867.347	3,957.188	4,072.282	4,194.283	4,131.651	4,155.632	4,147.588	4,173.575	4,210.309	4,309.074	4,421.855	4,555.132	4,683.269	4,889.176	4,971.033	5,092.962	5,272.945	5,456.136	5,736.635	5,957.119	6,151.636	6,312.930	6,474.183	6,646.233	2012
Bosnia and Herzegovina	Gross domestic product per capita, constant prices	Purchasing power parity; 2011 international dollar	Units	n/a	n/a	n/a	n/a	n/a	n/a	n/a	n/a	n/a	n/a	n/a	n/a	n/a	n/a	n/a	n/a	4,011.332	4,964.730	5,653.474	6,246.817	6,511.138	6,656.852	6,984.866	7,247.768	7,697.118	8,022.622	8,483.830	9,004.118	9,534.051	9,499.270	9,635.101	9,810.166	9,849.388	10,201.737	10,431.874	10,843.886	11,253.493	11,620.011	11,992.073	2017
Botswana	Gross domestic product per capita, constant prices	Purchasing power parity; 2011 international dollar	Units	4,265.308	4,529.415	5,061.480	5,407.986	5,555.174	5,769.772	6,044.356	6,698.563	7,975.918	8,055.191	8,447.665	8,714.842	8,451.182	8,551.478	8,262.763	8,624.884	8,913.728	9,415.645	9,287.546	9,993.330	10,019.486	9,895.268	10,358.577	10,707.276	10,865.759	11,218.917	11,995.892	12,809.698	13,419.395	12,225.157	13,104.313	13,596.157	13,943.882	15,239.710	15,578.827	15,032.681	15,393.524	15,552.026	15,969.378	2016
Brazil	Gross domestic product per capita, constant prices	Purchasing power parity; 2011 international dollar	Units	11,372.210	10,634.166	10,466.784	9,896.188	10,203.752	10,784.263	11,367.476	11,552.432	11,371.632	11,530.348	10,726.644	10,655.496	10,424.819	10,763.456	11,213.839	11,508.580	11,200.812	11,402.563	11,266.248	11,149.558	11,470.195	11,467.519	11,665.959	11,654.571	12,180.181	12,424.510	12,772.944	13,405.852	13,943.424	13,784.586	14,679.320	15,131.513	15,290.119	15,617.085	15,562.717	14,880.705	14,269.888	14,305.863	14,359.539	2016
Brunei Darussalam	Gross domestic product per capita, constant prices	Purchasing power parity; 2011 international dollar	Units	n/a	n/a	n/a	n/a	n/a	98,418.878	93,824.671	91,097.669	87,911.952	88,063.410	86,524.770	86,822.067	88,667.248	86,885.885	87,199.136	89,137.264	89,463.313	86,039.799	83,401.489	83,940.725	84,235.514	84,456.118	84,831.829	85,946.390	83,954.378	84,562.108	86,839.610	85,651.529	82,837.021	80,238.998	80,939.872	82,567.707	82,208.198	79,543.717	76,730.744	75,530.361	72,810.918	71,779.666	70,693.888	2016
Bulgaria	Gross domestic product per capita, constant prices	Purchasing power parity; 2011 international dollar	Units	10,437.804	10,958.554	11,386.079	11,698.314	12,214.905	12,425.858	13,088.544	13,722.053	14,088.985	14,080.162	12,880.042	11,592.421	10,726.539	9,590.470	9,349.327	9,304.462	8,646.211	8,569.681	9,049.493	9,047.564	9,404.248	10,078.370	10,738.432	11,356.576	12,150.071	13,086.906	14,058.409	15,168.048	16,152.663	15,661.626	15,993.408	16,694.860	16,797.853	16,971.382	17,387.578	18,112.897	18,963.593	19,831.070	20,582.987	2018
Burkina Faso	Gross domestic product per capita, constant prices	Purchasing power parity; 2011 international dollar	Units	810.392	812.621	804.072	774.657	767.160	832.120	875.349	850.817	876.835	872.355	844.342	896.598	874.806	880.891	868.463	893.240	964.587	997.365	1,040.667	1,085.898	1,075.388	1,114.146	1,129.682	1,183.113	1,200.429	1,266.408	1,302.669	1,319.278	1,354.206	1,352.750	1,423.377	1,472.716	1,521.454	1,562.321	1,582.334	1,596.334	1,642.648	1,696.642	1,774.367	2016
Burundi	Gross domestic product per capita, constant prices	Purchasing power parity; 2011 international dollar	Units	790.190	861.073	827.741	834.054	811.567	881.375	884.110	906.204	924.701	910.497	915.166	940.511	923.690	867.586	820.151	741.310	669.676	661.581	680.919	668.781	660.869	652.303	648.205	648.723	653.549	679.004	694.917	697.966	708.518	712.035	725.311	731.872	741.432	761.887	772.940	720.739	691.114	669.694	651.156	0
Cabo Verde	Gross domestic product per capita, constant prices	Purchasing power parity; 2011 international dollar	Units	1,857.407	1,983.683	2,002.761	2,149.416	2,184.047	2,323.249	2,340.745	2,391.518	2,482.442	2,567.832	2,528.078	2,504.258	2,519.451	2,639.566	2,831.818	2,965.968	3,087.953	3,247.293	3,443.316	3,770.723	3,962.985	4,124.343	4,261.631	4,501.289	4,647.138	4,845.622	5,218.967	5,633.940	5,944.046	5,806.653	5,828.248	5,991.785	5,986.946	5,963.915	5,928.206	5,915.129	6,117.184	6,283.170	6,502.811	2016
Cambodia	Gross domestic product per capita, constant prices	Purchasing power parity; 2011 international dollar	Units	n/a	n/a	n/a	n/a	n/a	n/a	n/a	903.423	962.362	965.149	945.030	982.453	1,015.354	1,019.674	1,058.343	1,086.317	1,117.044	1,130.670	1,154.293	1,271.024	1,362.828	1,449.882	1,516.483	1,616.846	1,754.864	1,956.578	2,135.564	2,320.748	2,441.722	2,408.642	2,513.058	2,646.492	2,790.552	2,951.570	3,115.653	3,285.590	3,459.195	3,646.533	3,853.146	2012
Cameroon	Gross domestic product per capita, constant prices	Purchasing power parity; 2011 international dollar	Units	2,859.407	3,252.384	3,402.612	3,538.630	3,703.425	3,899.675	4,052.731	3,855.608	3,451.178	3,290.304	2,994.346	2,795.521	2,630.103	2,472.509	2,341.017	2,352.504	2,400.834	2,459.551	2,509.683	2,540.500	2,559.118	2,598.154	2,634.478	2,679.766	2,783.541	2,762.438	2,780.111	2,836.963	2,855.972	2,839.265	2,864.819	2,910.356	2,968.372	3,052.479	3,153.257	3,250.207	3,318.334	3,352.297	3,402.877	2010
Canada	Gross domestic product per capita, constant prices	Purchasing power parity; 2011 international dollar	Units	27,356.131	27,955.901	26,742.610	27,164.292	28,498.670	29,575.399	29,914.702	30,743.270	31,674.842	31,856.976	31,427.007	30,381.453	30,290.274	30,741.008	31,780.394	32,298.066	32,480.342	33,532.775	34,543.515	36,035.388	37,554.882	37,826.910	38,548.287	38,876.592	39,702.563	40,588.876	41,241.660	41,687.261	41,662.516	39,982.833	40,760.188	41,625.950	41,911.796	42,436.444	43,211.688	43,161.453	43,186.951	43,940.132	44,134.803	2018
Central African Republic	Gross domestic product per capita, constant prices	Purchasing power parity; 2011 international dollar	Units	946.037	1,037.161	975.523	894.726	960.362	969.697	1,004.848	984.136	981.534	1,013.752	971.405	956.238	918.367	897.137	966.878	984.945	888.036	935.578	950.236	965.890	931.803	918.894	905.901	830.245	838.099	844.189	868.848	892.328	893.639	891.627	901.118	912.956	932.220	578.744	573.515	589.482	604.340	618.372	632.803	2004
Chad	Gross domestic product per capita, constant prices	Purchasing power parity; 2011 international dollar	Units	1,008.283	877.495	902.022	1,017.824	1,045.194	1,100.223	1,137.431	1,150.157	1,206.762	1,200.310	1,208.531	1,302.974	1,302.873	1,245.948	1,283.594	1,199.113	1,194.595	1,230.996	1,283.970	1,243.366	1,201.445	1,308.791	1,385.291	1,451.848	1,892.776	2,000.085	1,963.950	1,978.734	1,989.605	2,021.412	2,240.268	2,188.243	2,322.893	2,396.622	2,499.337	2,481.525	2,265.303	2,134.649	2,146.911	2004
Chile	Gross domestic product per capita, constant prices	Purchasing power parity; 2011 international dollar	Units	7,986.483	8,344.028	7,094.336	6,786.453	7,073.953	7,102.565	7,368.933	7,718.934	8,141.601	8,855.437	9,030.550	9,551.016	10,370.772	10,893.631	11,271.344	12,089.566	12,739.580	13,501.397	13,909.451	13,673.896	14,233.691	14,536.654	14,822.531	15,268.164	16,198.690	16,958.119	17,848.198	18,532.203	18,986.637	18,481.126	19,348.133	20,305.760	21,156.355	21,802.412	21,968.945	22,245.871	22,379.067	22,428.545	23,092.070	2017
China	Gross domestic product per capita, constant prices	Purchasing power parity; 2011 international dollar	Units	721.599	748.041	802.675	877.674	998.010	1,116.754	1,197.412	1,315.568	1,441.465	1,479.644	1,515.446	1,633.578	1,845.698	2,078.375	2,324.498	2,553.117	2,776.805	3,001.931	3,206.641	3,422.230	3,681.687	3,959.649	4,292.198	4,693.139	5,136.896	5,683.784	6,371.902	7,239.208	7,893.964	8,578.351	9,442.823	10,290.469	11,048.557	11,851.874	12,651.050	13,457.072	14,279.285	15,163.301	16,097.764	2017
Colombia	Gross domestic product per capita, constant prices	Purchasing power parity; 2011 international dollar	Units	6,410.007	6,413.118	6,334.921	6,298.622	6,374.408	6,617.258	6,860.321	7,080.341	7,216.956	7,311.670	7,472.584	7,494.120	7,667.027	7,953.049	8,213.971	8,496.766	8,532.537	8,710.912	8,626.455	8,159.720	8,274.164	8,306.220	8,408.111	8,628.994	8,977.839	9,286.194	9,797.632	10,344.454	10,555.465	10,557.303	10,887.745	11,553.558	11,866.095	12,266.072	12,700.263	12,928.901	13,051.199	13,081.596	13,283.217	2017
Comoros	Gross domestic product per capita, constant prices	Purchasing power parity; 2011 international dollar	Units	1,717.176	1,766.885	1,794.896	1,807.925	1,864.701	1,843.018	1,821.588	1,794.017	1,785.108	1,673.272	1,710.135	1,578.286	1,676.383	1,690.761	1,568.143	1,590.870	1,536.812	1,568.198	1,553.190	1,550.063	1,539.242	1,557.319	1,588.115	1,593.466	1,552.393	1,578.592	1,559.212	1,527.171	1,502.981	1,491.411	1,483.434	1,476.605	1,480.354	1,492.148	1,481.258	1,457.235	1,449.531	1,449.637	1,450.527	2015
Democratic Republic of the Congo	Gross domestic product per capita, constant prices	Purchasing power parity; 2011 international dollar	Units	1,736.041	1,696.456	1,634.798	1,604.886	1,628.881	1,584.165	1,605.946	1,596.169	1,552.357	1,483.829	1,342.078	1,189.480	1,031.016	863.656	784.698	780.614	746.575	673.810	634.999	598.876	534.128	508.102	491.724	486.874	487.152	484.563	494.143	508.488	523.230	521.390	541.116	560.425	582.666	613.677	652.227	677.026	673.084	675.915	682.133	1983
Republic of Congo	Gross domestic product per capita, constant prices	Purchasing power parity; 2011 international dollar	Units	4,579.937	4,558.867	4,528.936	4,498.427	4,467.377	4,435.824	4,403.801	4,371.343	5,169.432	5,899.113	5,779.450	5,742.925	5,749.198	5,554.023	5,120.914	5,195.121	5,285.870	5,124.725	5,186.599	4,929.435	5,173.549	5,239.296	5,345.711	5,257.742	5,307.839	5,580.002	5,783.386	5,553.054	5,719.497	6,017.774	6,382.584	6,438.221	6,521.695	6,570.800	6,849.192	6,857.156	6,500.639	6,145.161	6,043.542	2004
Costa Rica	Gross domestic product per capita, constant prices	Purchasing power parity; 2011 international dollar	Units	8,265.986	7,840.311	7,057.562	7,053.445	7,403.776	7,238.561	7,416.104	7,555.516	7,607.615	7,833.203	7,919.493	7,914.232	8,453.634	8,821.360	8,950.371	9,058.243	8,926.371	9,186.317	9,588.555	9,731.196	10,177.101	10,150.811	10,304.995	10,575.328	10,860.080	11,110.728	11,738.318	12,516.499	12,909.012	12,597.097	12,975.348	13,361.785	13,822.175	13,956.255	14,267.315	14,607.720	15,046.925	15,379.168	15,608.199	2017
Côte d'Ivoire	Gross domestic product per capita, constant prices	Purchasing power parity; 2011 international dollar	Units	4,511.161	4,564.823	4,403.399	4,085.573	3,894.970	3,884.834	3,917.449	3,752.419	3,760.121	3,719.778	3,534.826	3,399.896	3,262.914	2,964.224	2,882.921	2,957.623	3,110.067	3,204.723	3,277.522	3,246.137	3,098.435	3,023.582	2,897.817	2,785.984	2,748.832	2,725.288	2,696.491	2,674.546	2,673.056	2,690.029	2,674.760	2,480.349	2,680.131	2,854.417	3,026.741	3,210.908	3,379.019	3,547.051	3,713.490	2015
Croatia	Gross domestic product per capita, constant prices	Purchasing power parity; 2011 international dollar	Units	n/a	n/a	n/a	n/a	n/a	n/a	n/a	n/a	n/a	n/a	n/a	n/a	11,837.369	11,139.196	12,056.883	13,062.981	13,703.591	14,364.937	14,863.211	14,552.803	15,694.634	16,523.141	17,391.192	18,357.452	18,504.604	19,252.067	20,198.262	21,284.669	21,727.878	20,166.328	19,918.795	20,491.071	20,075.973	20,033.572	20,100.996	20,750.023	21,638.161	22,534.862	23,308.161	2017
Cyprus	Gross domestic product per capita, constant prices	Purchasing power parity; 2011 international dollar	Units	14,312.755	14,566.147	15,308.310	15,913.009	17,086.064	17,688.585	18,108.103	19,190.474	20,570.914	21,913.368	23,051.924	22,617.343	24,099.352	23,678.797	24,557.544	26,726.976	26,610.316	26,904.059	28,172.143	29,248.506	30,650.490	31,539.790	32,343.744	32,811.660	34,023.694	35,179.578	36,296.049	37,446.771	37,891.857	36,168.654	35,657.273	34,923.030	33,041.692	30,986.683	30,861.087	31,874.817	33,357.158	34,583.257	35,532.095	2017
Czech Republic	Gross domestic product per capita, constant prices	Purchasing power parity; 2011 international dollar	Units	n/a	n/a	n/a	n/a	n/a	n/a	n/a	n/a	n/a	n/a	n/a	n/a	n/a	n/a	n/a	19,029.055	19,912.894	19,817.919	19,771.977	20,073.801	20,953.764	21,660.351	22,084.863	22,899.733	24,016.966	25,577.306	27,264.164	28,705.603	29,221.407	27,598.273	28,127.750	28,560.541	28,281.632	28,116.258	28,889.828	30,349.013	31,046.863	32,321.717	33,218.960	2017
Denmark	Gross domestic product per capita, constant prices	Purchasing power parity; 2011 international dollar	Units	26,782.115	26,595.809	27,600.160	28,330.944	29,537.806	30,726.793	32,199.991	32,228.179	32,197.604	32,400.983	32,842.055	33,229.249	33,777.543	33,659.528	35,343.940	36,281.176	37,084.082	38,118.064	38,816.411	39,820.144	41,185.396	41,375.288	41,420.363	41,464.237	42,458.971	43,342.624	44,904.895	45,149.188	44,683.029	42,216.260	42,823.744	43,193.970	43,138.540	43,370.098	43,878.219	44,648.561	45,338.477	46,031.017	46,329.810	2018
Djibouti	Gross domestic product per capita, constant prices	Purchasing power parity; 2011 international dollar	Units	n/a	n/a	n/a	n/a	n/a	n/a	n/a	n/a	n/a	n/a	3,782.445	3,515.448	3,438.912	3,119.414	2,993.176	2,810.298	2,631.721	2,528.916	2,462.835	2,465.694	2,415.645	2,391.982	2,402.088	2,411.117	2,410.613	2,417.908	2,465.538	2,518.699	2,592.339	2,562.491	2,596.079	2,709.535	2,763.362	2,822.517	2,910.377	3,015.128	3,123.650	3,242.154	3,365.154	2013
Dominica	Gross domestic product per capita, constant prices	Purchasing power parity; 2011 international dollar	Units	n/a	4,360.091	4,556.452	4,689.800	4,904.256	4,991.899	5,364.289	5,723.233	6,192.874	6,203.352	6,563.099	6,675.482	6,810.429	6,957.103	6,958.892	7,169.165	7,391.149	7,552.042	7,836.396	7,863.546	8,046.848	8,041.128	7,819.192	8,321.871	8,581.824	8,644.263	9,053.391	9,635.447	10,328.878	10,215.291	10,291.282	10,274.786	10,164.867	10,243.202	10,672.081	10,281.674	10,552.951	9,982.131	8,787.714	2011
Dominican Republic	Gross domestic product per capita, constant prices	Purchasing power parity; 2011 international dollar	Units	5,507.438	5,614.601	5,579.894	5,702.905	5,638.698	5,388.166	5,444.141	5,850.992	5,837.935	5,962.806	5,527.681	5,484.282	5,989.890	6,314.576	6,367.711	6,618.040	6,901.329	7,396.675	7,768.422	8,106.585	8,361.324	8,451.047	8,713.718	8,480.880	8,588.304	9,282.237	10,018.409	10,641.018	10,857.629	10,842.870	11,625.103	11,862.307	12,057.751	12,511.548	13,332.304	14,131.669	14,924.319	15,459.217	16,377.585	2016
Ecuador	Gross domestic product per capita, constant prices	Purchasing power parity; 2011 international dollar	Units	7,556.129	7,631.780	7,510.197	7,101.354	7,202.781	7,324.191	7,358.981	6,747.905	7,266.106	7,111.172	7,155.863	7,351.748	7,449.119	7,436.262	7,596.307	7,621.391	7,621.566	7,826.580	7,961.812	7,474.497	7,445.029	7,572.795	7,715.048	7,790.621	8,285.802	8,616.508	8,839.199	8,873.684	9,269.620	9,154.144	9,304.039	9,868.982	10,254.805	10,588.926	10,816.837	10,660.333	10,370.407	10,458.934	10,416.147	2017
Egypt	Gross domestic product per capita, constant prices	Purchasing power parity; 2011 international dollar	Units	5,228.100	5,195.419	5,426.181	5,750.911	6,044.382	6,310.733	6,444.104	6,574.993	6,700.283	6,751.657	6,848.357	6,850.442	6,731.622	6,786.422	6,927.170	7,091.036	7,270.870	7,545.666	7,941.025	8,249.535	8,452.200	8,560.650	8,654.243	8,749.522	8,922.945	9,132.877	9,560.088	10,038.619	10,530.372	10,779.501	11,074.772	11,022.110	11,007.676	11,062.363	11,122.304	11,308.576	11,643.134	11,541.375	11,881.424	2018
El Salvador	Gross domestic product per capita, constant prices	Purchasing power parity; 2011 international dollar	Units	4,985.260	4,647.166	4,320.208	4,360.549	4,391.666	4,383.704	4,347.698	4,403.616	4,424.112	4,397.114	4,530.831	4,529.517	4,784.564	4,998.197	5,166.486	5,343.598	5,330.284	5,439.821	5,535.897	5,606.997	5,631.497	5,642.454	5,702.706	5,762.690	5,784.954	5,935.596	6,148.910	6,238.882	6,347.360	6,182.208	6,271.741	6,462.889	6,591.277	6,681.089	6,734.635	6,832.948	6,939.636	7,033.479	7,147.797	2017
Equatorial Guinea	Gross domestic product per capita, constant prices	Purchasing power parity; 2011 international dollar	Units	822.614	822.592	781.244	758.105	712.292	757.584	706.224	710.811	707.644	679.010	675.505	646.234	832.079	888.921	1,003.095	1,224.450	1,801.219	4,297.286	5,155.069	6,258.784	12,651.395	19,440.107	22,324.686	24,514.313	30,632.374	31,724.889	32,300.733	35,570.720	40,015.814	38,738.147	33,723.367	34,363.153	35,632.036	32,736.094	31,542.507	27,547.836	24,170.962	22,193.693	20,186.585	2015
Eritrea	Gross domestic product per capita, constant prices	Purchasing power parity; 2011 international dollar	Units	n/a	n/a	n/a	n/a	n/a	n/a	n/a	n/a	n/a	n/a	n/a	n/a	1,129.180	1,276.585	1,541.599	1,565.018	1,682.043	1,776.076	1,762.088	1,709.870	1,473.398	1,554.069	1,553.547	1,468.673	1,448.002	1,444.403	1,391.985	1,374.863	1,208.692	1,224.326	1,220.912	1,296.161	1,354.972	1,386.499	1,395.562	1,401.800	1,398.921	1,440.375	1,472.486	2006
Estonia	Gross domestic product per capita, constant prices	Purchasing power parity; 2011 international dollar	Units	n/a	n/a	n/a	n/a	n/a	n/a	n/a	n/a	n/a	n/a	n/a	n/a	n/a	10,576.949	10,645.189	11,091.491	11,855.594	13,406.489	14,093.202	13,931.415	15,329.360	16,403.669	17,510.995	18,928.047	20,240.156	22,264.461	24,696.643	26,731.855	25,351.008	21,659.927	22,199.838	23,959.046	25,080.643	25,657.473	26,451.842	26,953.218	27,885.541	29,204.472	30,307.632	2018
Eswatini	Gross domestic product per capita, constant prices	Purchasing power parity; 2011 international dollar	Units	4,375.454	4,542.378	4,477.898	4,323.796	4,289.345	4,215.481	4,799.570	5,055.781	5,208.263	5,476.575	5,814.658	5,753.489	5,803.741	5,865.906	5,892.232	6,053.459	6,151.455	6,202.112	6,303.475	6,428.719	6,481.181	6,489.333	6,711.870	6,909.367	7,095.704	7,454.668	7,831.920	8,108.034	8,115.062	8,182.418	8,431.817	8,559.796	8,900.147	9,405.011	9,519.666	9,490.614	9,728.967	9,843.392	9,795.443	2017
Ethiopia	Gross domestic product per capita, constant prices	Purchasing power parity; 2011 international dollar	Units	727.405	710.275	697.203	728.861	689.397	591.271	628.092	692.627	674.492	649.775	644.840	578.367	509.216	558.149	559.055	575.024	633.701	633.381	590.383	610.825	653.230	681.135	673.348	621.120	676.210	742.117	806.492	878.809	961.846	1,041.369	1,133.616	1,242.961	1,329.821	1,438.458	1,561.633	1,696.893	1,803.784	1,955.542	2,073.049	2016
Fiji	Gross domestic product per capita, constant prices	Purchasing power parity; 2011 international dollar	Units	5,263.967	5,447.095	5,250.162	4,904.398	5,286.446	5,008.209	5,289.633	4,889.623	5,053.073	5,642.247	5,921.424	5,715.388	6,015.832	6,123.576	6,385.529	6,500.696	6,760.253	6,550.225	6,587.670	7,109.680	6,939.279	7,021.358	7,195.400	7,202.625	7,539.242	7,390.294	7,479.510	7,362.140	7,399.980	7,261.437	7,443.631	7,608.346	7,679.295	8,005.056	8,414.082	8,698.937	8,679.060	8,863.480	9,096.657	2017
Finland	Gross domestic product per capita, constant prices	Purchasing power parity; 2011 international dollar	Units	21,949.506	22,156.914	22,725.316	23,291.743	23,901.222	24,625.753	25,209.962	26,027.836	27,312.264	28,610.341	28,688.652	26,861.330	25,810.666	25,489.407	26,374.098	27,371.125	28,272.167	29,949.250	31,482.649	32,803.433	34,573.776	35,399.111	35,898.415	36,534.098	37,870.715	38,798.265	40,225.683	42,140.142	42,255.423	38,573.334	39,541.146	40,377.730	39,610.340	39,125.826	38,703.237	38,610.440	39,454.838	40,440.687	41,271.094	2017
France	Gross domestic product per capita, constant prices	Purchasing power parity; 2011 international dollar	Units	24,900.647	25,028.383	25,510.784	25,678.478	25,950.901	26,246.544	26,736.885	27,288.644	28,437.754	29,512.916	30,210.926	30,385.984	30,726.077	30,395.266	31,006.241	31,556.647	31,901.221	32,545.381	33,607.530	34,639.929	35,777.932	36,236.249	36,390.252	36,435.886	37,217.022	37,551.869	38,198.155	38,873.953	38,760.035	37,446.948	37,994.766	38,640.044	38,574.116	38,600.373	38,768.558	39,033.672	39,387.884	40,145.944	40,689.413	2017
Gabon	Gross domestic product per capita, constant prices	Purchasing power parity; 2011 international dollar	Units	21,083.050	19,804.060	20,172.298	20,132.950	20,664.838	21,392.758	20,492.672	16,963.602	17,179.384	19,403.383	19,963.242	20,523.646	19,287.396	19,574.061	19,805.657	20,283.668	20,506.304	21,154.176	21,355.984	18,971.786	18,160.500	18,098.426	17,689.968	17,552.057	17,315.710	16,760.522	16,039.721	16,558.722	16,228.905	15,278.444	15,642.067	16,138.115	16,363.719	16,616.762	16,745.887	16,838.041	16,759.473	16,466.033	16,440.934	2004
The Gambia	Gross domestic product per capita, constant prices	Purchasing power parity; 2011 international dollar	Units	2,796.614	2,383.159	2,775.207	3,029.220	2,688.441	2,677.058	2,632.661	2,600.041	2,540.404	2,546.296	2,585.582	2,537.720	2,480.997	2,433.612	2,272.191	2,276.654	2,274.573	2,206.749	2,283.847	2,359.905	2,416.653	2,477.935	2,322.786	2,403.920	2,491.635	2,388.685	2,339.480	2,346.095	2,403.465	2,479.393	2,558.992	2,372.386	2,428.810	2,467.105	2,369.326	2,432.593	2,369.478	2,401.599	2,481.701	2017
Georgia	Gross domestic product per capita, constant prices	Purchasing power parity; 2011 international dollar	Units	n/a	n/a	n/a	n/a	n/a	n/a	n/a	n/a	n/a	n/a	n/a	5,582.478	3,068.013	2,218.425	2,155.397	2,298.920	2,634.237	3,018.936	3,200.182	3,364.155	3,493.242	3,733.015	3,982.930	4,451.809	4,743.378	5,225.719	5,760.619	6,510.866	6,711.837	6,498.234	6,957.398	7,511.627	8,061.954	8,381.843	8,772.926	9,013.507	9,253.428	9,706.345	10,209.381	2015
Germany	Gross domestic product per capita, constant prices	Purchasing power parity; 2011 international dollar	Units	26,246.915	26,226.449	26,038.323	26,535.680	27,396.231	28,066.096	28,724.781	29,141.593	30,047.214	30,914.062	32,068.536	33,244.122	33,525.429	33,012.300	33,764.338	34,307.162	34,536.080	35,176.070	35,826.385	36,496.124	37,645.975	38,307.360	38,289.097	38,026.220	38,334.969	38,728.608	40,312.740	41,762.348	42,221.999	40,013.634	41,692.648	43,248.922	43,465.970	43,608.319	44,372.531	44,642.964	45,239.419	46,177.733	46,719.285	2018
Ghana	Gross domestic product per capita, constant prices	Purchasing power parity; 2011 international dollar	Units	2,682.117	2,524.179	2,265.124	2,081.150	2,127.908	2,217.372	2,304.899	2,402.709	2,492.988	2,540.591	2,567.953	2,626.399	2,670.107	2,726.283	2,752.940	2,798.326	2,860.896	2,954.124	3,024.414	3,086.431	2,970.914	3,014.338	3,076.869	3,156.834	3,251.478	3,371.337	3,489.146	3,546.031	3,787.376	3,907.571	4,005.429	4,590.610	4,885.564	5,151.362	5,180.665	5,175.966	5,237.925	5,543.893	5,734.914	0
Greece	Gross domestic product per capita, constant prices	Purchasing power parity; 2011 international dollar	Units	21,146.348	20,566.999	20,215.652	19,868.830	20,162.933	20,570.905	20,615.274	20,076.933	20,873.979	21,575.984	21,442.215	21,780.593	21,732.577	21,254.267	21,557.564	21,913.917	22,429.812	23,345.272	24,109.437	24,724.012	25,626.669	26,536.852	27,445.366	28,962.591	30,359.909	30,459.457	32,079.377	33,035.600	32,850.659	31,342.088	29,559.659	26,850.252	24,973.107	24,345.394	24,697.969	24,745.648	24,868.566	25,279.281	25,887.323	2017
Grenada	Gross domestic product per capita, constant prices	Purchasing power parity; 2011 international dollar	Units	4,981.581	4,962.702	5,026.723	5,035.817	5,104.851	5,331.075	5,709.795	6,275.674	6,545.512	6,875.164	7,210.346	7,299.986	7,185.238	6,965.365	7,014.876	7,108.140	7,380.073	7,717.895	8,613.312	9,202.542	9,651.593	9,434.901	9,735.217	10,627.930	10,530.216	11,893.950	11,384.781	12,043.782	12,117.661	11,276.574	11,178.086	11,220.933	11,048.624	11,262.724	12,038.602	12,758.726	13,174.418	13,775.731	14,370.531	2016
Guatemala	Gross domestic product per capita, constant prices	Purchasing power parity; 2011 international dollar	Units	6,271.186	6,155.058	5,789.835	5,502.944	5,392.841	5,226.364	5,100.841	5,151.904	5,220.292	5,293.878	5,327.321	5,360.160	5,476.630	5,531.703	5,593.831	5,707.438	5,735.986	5,839.010	5,972.727	6,055.725	6,066.713	6,069.472	6,157.561	6,166.102	6,213.120	6,269.145	6,457.991	6,713.138	6,781.883	6,670.012	6,714.044	6,844.486	6,899.090	7,005.033	7,147.420	7,292.709	7,368.600	7,421.293	7,499.069	2017
Guinea	Gross domestic product per capita, constant prices	Purchasing power parity; 2011 international dollar	Units	n/a	n/a	n/a	n/a	n/a	n/a	n/a	n/a	n/a	n/a	1,416.993	1,376.535	1,340.841	1,329.213	1,312.858	1,317.639	1,332.628	1,367.598	1,390.495	1,419.385	1,430.756	1,458.218	1,508.033	1,500.515	1,506.971	1,520.256	1,522.810	1,581.932	1,604.696	1,538.473	1,561.686	1,607.170	1,659.168	1,681.281	1,700.368	1,722.143	1,855.845	1,989.222	2,053.010	2014
Guinea-Bissau	Gross domestic product per capita, constant prices	Purchasing power parity; 2011 international dollar	Units	1,378.875	1,343.795	1,371.434	1,297.557	1,340.766	1,369.656	1,328.070	1,375.619	1,375.113	1,387.335	1,422.081	1,492.083	1,504.129	1,504.322	1,514.826	1,541.278	1,564.408	1,622.534	1,319.397	1,462.255	1,428.723	1,426.953	1,379.214	1,355.761	1,363.907	1,391.991	1,393.817	1,408.445	1,421.959	1,437.151	1,492.104	1,578.024	1,517.607	1,533.289	1,514.754	1,573.061	1,635.599	1,695.118	1,721.656	2017
Guyana	Gross domestic product per capita, constant prices	Purchasing power parity; 2011 international dollar	Units	3,890.496	3,904.474	3,559.828	3,159.860	3,242.812	3,274.879	3,292.750	3,318.640	3,148.321	3,029.753	2,963.047	3,150.349	3,393.804	3,662.966	3,957.155	4,134.318	4,444.883	4,694.061	4,595.151	4,713.157	4,637.214	4,734.614	4,789.398	4,761.822	4,838.850	4,742.743	4,975.814	5,310.855	5,401.351	5,558.309	5,785.847	6,076.222	6,365.546	6,658.598	6,891.000	7,073.736	7,251.543	7,363.382	7,572.518	2017
Haiti	Gross domestic product per capita, constant prices	Purchasing power parity; 2011 international dollar	Units	2,507.409	2,488.897	2,376.643	2,299.658	2,263.509	2,240.232	2,206.513	2,157.991	2,144.586	2,078.005	2,027.181	2,015.396	1,932.207	1,800.020	1,557.462	1,679.371	1,716.891	1,731.591	1,738.090	1,754.182	1,739.433	1,692.754	1,661.359	1,641.028	1,558.563	1,562.029	1,572.379	1,599.784	1,588.683	1,613.067	1,501.975	1,562.287	1,584.865	1,629.589	1,652.928	1,651.238	1,654.069	1,652.906	1,657.214	0
Honduras	Gross domestic product per capita, constant prices	Purchasing power parity; 2011 international dollar	Units	3,319.612	3,298.138	3,154.465	3,031.316	3,067.923	3,100.281	3,031.734	3,120.940	3,169.698	3,213.619	3,126.054	3,136.184	3,219.223	3,324.153	3,189.944	3,229.122	3,254.158	3,325.401	3,331.733	3,183.838	3,328.507	3,332.935	3,372.354	3,440.157	3,568.148	3,697.181	3,852.216	4,002.203	4,084.312	3,904.457	3,971.188	4,046.076	4,136.824	4,177.580	4,231.327	4,319.470	4,405.720	4,544.717	4,632.952	2017
Hong Kong SAR	Gross domestic product per capita, constant prices	Purchasing power parity; 2011 international dollar	Units	15,763.355	16,813.671	17,035.918	17,756.733	19,241.825	19,134.511	21,009.780	23,689.600	25,369.201	25,698.085	26,564.185	27,773.236	29,142.583	30,380.086	31,575.277	31,547.864	32,116.322	33,494.651	31,204.898	31,725.896	33,781.102	33,875.667	34,459.893	35,311.479	38,194.448	40,775.783	43,223.016	45,791.135	46,594.281	45,237.347	47,917.386	49,818.956	50,231.494	51,502.866	52,619.098	53,456.901	54,121.301	55,925.781	57,081.140	2018
Hungary	Gross domestic product per capita, constant prices	Purchasing power parity; 2011 international dollar	Units	14,798.945	15,228.846	15,677.255	15,825.017	16,293.416	16,316.029	16,627.562	17,384.555	17,448.075	17,648.559	17,107.580	15,075.566	14,612.928	14,540.813	14,991.084	15,391.829	15,417.872	15,963.789	16,673.983	17,250.674	18,031.304	18,764.182	19,662.054	20,485.211	21,563.633	22,552.245	23,469.579	23,594.469	23,845.080	22,302.151	22,486.405	22,923.247	22,671.877	23,200.271	24,258.743	25,170.150	25,812.323	26,967.986	28,358.203	2017
Iceland	Gross domestic product per capita, constant prices	Purchasing power parity; 2011 international dollar	Units	25,680.703	26,498.229	26,736.279	25,788.497	26,529.096	27,153.238	28,665.598	30,866.354	30,414.610	29,965.718	30,093.236	29,781.680	28,349.100	28,430.390	29,158.759	28,983.503	30,259.296	31,520.180	33,456.497	34,388.642	35,639.448	36,465.454	36,302.105	36,881.469	39,559.686	41,633.012	42,895.698	45,726.560	45,486.234	41,884.504	40,666.717	41,324.957	41,713.583	43,130.011	43,512.617	45,104.090	47,597.265	48,932.123	49,704.761	2018
India	Gross domestic product per capita, constant prices	Purchasing power parity; 2011 international dollar	Units	1,297.233	1,346.663	1,363.282	1,431.637	1,454.500	1,498.820	1,537.171	1,564.016	1,678.765	1,742.200	1,801.729	1,785.997	1,845.466	1,892.368	1,978.845	2,087.842	2,203.146	2,248.803	2,343.345	2,496.364	2,546.430	2,627.333	2,685.222	2,852.151	3,027.848	3,258.168	3,506.385	3,793.202	3,883.748	4,153.347	4,515.918	4,750.287	4,942.921	5,190.297	5,502.517	5,865.349	6,262.140	6,623.860	6,998.934	2013
Indonesia	Gross domestic product per capita, constant prices	Purchasing power parity; 2011 international dollar	Units	2,911.011	3,071.659	3,079.785	3,146.719	3,319.444	3,382.233	3,555.095	3,715.300	3,897.551	4,169.217	4,456.446	4,775.140	5,003.627	5,313.586	5,621.009	5,983.827	6,377.978	6,601.490	5,669.447	5,649.055	5,862.590	5,990.758	6,172.287	6,376.411	6,603.034	6,880.790	7,157.230	7,504.338	7,949.427	8,206.163	8,606.780	8,973.563	9,381.524	9,767.844	10,120.759	10,472.123	10,875.429	11,301.535	11,759.708	2018
Islamic Republic of Iran	Gross domestic product per capita, constant prices	Purchasing power parity; 2011 international dollar	Units	14,884.150	13,098.641	14,256.381	15,610.577	13,539.073	12,761.093	11,171.726	11,227.232	9,917.349	10,182.806	11,735.055	12,687.188	12,767.298	12,740.631	12,369.481	12,315.268	12,891.644	12,607.678	12,634.781	12,463.254	13,097.786	12,984.590	14,100.229	15,168.855	15,536.120	16,089.323	16,679.241	17,584.660	17,352.575	17,132.992	17,879.374	18,183.549	16,584.837	16,336.696	16,533.502	16,065.250	17,855.321	18,302.766	17,383.769	2017
Iraq	Gross domestic product per capita, constant prices	Purchasing power parity; 2011 international dollar	Units	n/a	n/a	n/a	n/a	n/a	n/a	n/a	n/a	n/a	n/a	n/a	n/a	n/a	n/a	n/a	n/a	n/a	n/a	n/a	n/a	n/a	n/a	n/a	7,541.550	11,258.002	11,152.455	11,492.842	11,434.246	12,085.263	12,189.897	12,635.581	13,247.836	14,715.029	15,439.779	14,850.537	15,135.297	16,733.383	16,019.824	15,697.409	2013
Ireland	Gross domestic product per capita, constant prices	Purchasing power parity; 2011 international dollar	Units	16,706.680	16,915.505	16,987.752	16,748.330	17,162.572	17,442.444	17,513.412	18,120.848	18,747.635	19,919.773	21,478.346	21,707.695	22,302.541	22,693.497	23,951.931	26,137.415	28,318.757	31,035.297	33,366.203	36,461.686	39,344.789	40,807.970	42,498.642	43,057.063	45,035.406	46,458.952	47,439.470	48,541.425	45,674.100	43,068.073	43,675.953	45,117.388	45,006.033	45,354.893	48,933.797	60,568.728	62,775.798	66,548.095	70,031.634	2017
Israel	Gross domestic product per capita, constant prices	Purchasing power parity; 2011 international dollar	Units	16,573.203	17,232.538	17,169.811	17,247.468	17,404.047	17,861.318	18,212.402	19,262.456	19,621.979	19,563.519	20,225.494	19,924.243	20,611.587	20,838.027	21,738.356	23,204.236	23,775.658	24,140.721	24,544.578	24,788.971	26,264.283	25,687.598	25,137.732	24,957.930	25,741.481	26,340.356	27,368.032	28,512.221	28,892.988	28,590.221	29,624.925	30,579.758	30,687.089	31,410.389	32,017.595	32,199.904	32,836.914	33,323.491	33,753.215	2017
Italy	Gross domestic product per capita, constant prices	Purchasing power parity; 2011 international dollar	Units	24,936.619	25,035.145	25,054.255	25,268.602	26,028.904	26,700.188	27,419.122	28,261.722	29,392.669	30,327.303	30,903.892	31,321.099	31,531.493	31,241.609	31,877.769	32,731.835	33,152.994	33,742.377	34,270.806	34,802.489	36,084.558	36,700.075	36,766.647	36,692.716	36,998.405	37,066.895	37,647.429	38,056.287	37,341.267	35,047.964	35,485.046	35,544.006	34,417.958	33,631.893	33,519.204	33,821.705	34,273.474	34,864.659	35,233.218	2017
Jamaica	Gross domestic product per capita, constant prices	Purchasing power parity; 2011 international dollar	Units	6,724.855	6,898.492	6,992.021	7,139.503	7,191.103	7,019.913	7,444.380	7,959.695	7,597.097	7,938.647	8,181.705	8,195.907	8,360.859	8,475.441	8,558.978	8,695.614	8,634.817	8,411.187	8,228.468	8,229.767	8,217.730	8,250.357	8,237.193	8,473.409	8,525.801	8,549.170	8,751.087	8,838.369	8,731.541	8,401.248	8,244.889	8,321.974	8,237.494	8,210.300	8,212.975	8,238.333	8,317.378	8,327.163	8,397.033	2015
Japan	Gross domestic product per capita, constant prices	Purchasing power parity; 2011 international dollar	Units	20,769.324	21,486.502	22,043.038	22,662.793	23,529.343	24,606.934	25,290.420	26,359.833	28,029.506	29,276.487	30,606.860	31,527.689	31,682.939	31,417.106	31,641.206	32,425.933	33,358.034	33,636.777	33,168.315	33,022.455	33,874.974	33,932.099	33,900.665	34,355.617	35,085.569	35,664.003	36,172.055	36,767.201	36,383.679	34,451.232	35,883.030	35,775.296	36,389.622	37,181.400	37,383.292	37,882.777	38,118.747	38,919.570	39,313.409	2017
Jordan	Gross domestic product per capita, constant prices	Purchasing power parity; 2011 international dollar	Units	8,227.029	9,093.851	9,216.365	8,783.698	8,907.116	8,477.934	8,618.620	8,535.594	8,392.152	7,203.919	6,948.776	6,750.369	7,235.664	7,038.542	7,031.725	7,208.980	7,077.953	7,188.041	7,251.313	7,304.329	7,486.897	7,703.333	8,041.778	8,193.231	8,625.749	8,988.112	9,205.170	9,541.390	9,763.812	9,798.347	9,520.557	9,260.741	9,009.446	8,800.836	8,665.747	8,530.697	8,432.069	8,391.654	8,385.382	2015
Kazakhstan	Gross domestic product per capita, constant prices	Purchasing power parity; 2011 international dollar	Units	n/a	n/a	n/a	n/a	n/a	n/a	n/a	n/a	n/a	n/a	n/a	n/a	10,545.047	9,658.949	9,031.741	8,356.829	8,504.514	8,815.601	8,782.783	9,052.422	9,963.630	11,319.762	12,415.931	13,494.051	14,668.220	15,938.260	17,440.138	18,779.354	18,900.331	18,866.724	19,952.035	21,129.031	21,833.268	22,804.762	23,412.079	23,353.932	23,273.782	23,873.639	24,488.957	2015
Kenya	Gross domestic product per capita, constant prices	Purchasing power parity; 2011 international dollar	Units	2,371.339	2,379.761	2,412.350	2,369.911	2,328.381	2,343.255	2,424.144	2,480.365	2,544.611	2,572.709	2,601.568	2,560.155	2,459.250	2,385.856	2,375.491	2,405.671	2,432.989	2,372.328	2,372.421	2,354.468	2,299.064	2,326.217	2,274.522	2,278.590	2,320.050	2,385.510	2,457.218	2,554.909	2,491.936	2,505.074	2,659.130	2,750.211	2,790.925	2,877.229	2,946.769	3,030.702	3,120.252	3,182.866	3,280.848	2013
Kiribati	Gross domestic product per capita, constant prices	Purchasing power parity; 2011 international dollar	Units	2,242.759	2,164.643	2,311.641	2,217.411	2,282.828	2,113.842	2,037.135	1,805.287	1,940.910	1,837.953	1,765.247	1,726.142	1,724.048	1,717.531	1,722.999	1,697.270	1,687.928	1,692.304	1,777.972	1,717.262	1,789.084	1,731.949	1,768.137	1,771.128	1,710.878	1,763.252	1,724.817	1,722.405	1,650.433	1,628.224	1,578.794	1,582.807	1,635.532	1,681.977	1,648.187	1,795.681	1,862.880	1,844.343	1,853.861	2015
Korea	Gross domestic product per capita, constant prices	Purchasing power parity; 2011 international dollar	Units	5,084.370	5,365.091	5,719.441	6,382.027	6,962.049	7,428.090	8,180.051	9,109.693	10,094.843	10,698.139	11,632.596	12,710.600	13,356.024	14,126.256	15,272.297	16,566.413	17,655.531	18,526.579	17,386.989	19,216.141	20,756.777	21,530.263	22,997.187	23,549.364	24,605.535	25,516.827	26,697.030	28,013.704	28,588.370	28,642.838	30,352.105	31,228.513	31,776.895	32,548.715	33,425.687	34,177.652	35,020.414	35,946.777	36,756.432	2017
Kosovo	Gross domestic product per capita, constant prices	Purchasing power parity; 2011 international dollar	Units	n/a	n/a	n/a	n/a	n/a	n/a	n/a	n/a	n/a	n/a	n/a	n/a	n/a	n/a	n/a	n/a	n/a	n/a	n/a	n/a	6,122.903	6,798.184	6,638.039	6,878.874	6,653.636	6,824.034	6,957.724	7,427.648	7,666.185	7,815.551	7,948.517	8,272.936	8,338.740	8,601.912	8,782.741	9,315.181	9,628.867	9,952.230	10,268.173	0
Kuwait	Gross domestic product per capita, constant prices	Purchasing power parity; 2011 international dollar	Units	77,932.007	60,450.457	52,330.122	52,652.391	54,233.711	48,870.222	50,108.516	51,336.501	43,868.512	52,598.738	38,256.155	35,345.707	61,885.028	80,236.008	70,480.968	66,904.769	63,118.270	61,212.452	61,716.864	61,037.692	64,990.322	62,534.235	61,469.715	68,535.297	70,205.956	71,142.748	71,884.486	71,336.242	72,208.924	66,269.486	62,943.718	66,853.458	69,233.949	68,497.420	66,327.629	64,429.099	64,077.792	60,169.449	59,556.296	2016
Kyrgyz Republic	Gross domestic product per capita, constant prices	Purchasing power parity; 2011 international dollar	Units	n/a	n/a	n/a	n/a	n/a	n/a	n/a	n/a	n/a	n/a	n/a	n/a	2,666.778	2,281.309	1,821.431	1,696.056	1,790.868	1,938.934	1,949.479	1,992.331	2,080.580	2,170.970	2,151.037	2,275.016	2,405.121	2,376.338	2,422.814	2,609.089	2,775.512	2,818.706	2,775.032	2,900.988	2,841.494	3,089.766	3,149.496	3,203.944	3,277.140	3,368.545	3,416.552	2016
Lao P.D.R.	Gross domestic product per capita, constant prices	Purchasing power parity; 2011 international dollar	Units	1,396.785	1,580.672	1,617.935	1,624.610	1,683.511	1,787.818	1,822.784	1,755.313	1,670.476	1,784.567	1,834.580	1,853.180	1,926.511	1,983.086	2,088.351	2,180.256	2,276.726	2,381.385	2,441.781	2,497.675	2,613.809	2,692.766	2,828.027	2,952.582	3,111.876	3,269.258	3,511.408	3,733.344	3,968.235	4,200.328	4,472.714	4,761.361	5,060.127	5,388.671	5,716.537	6,038.483	6,370.831	6,709.480	7,044.189	2016
Latvia	Gross domestic product per capita, constant prices	Purchasing power parity; 2011 international dollar	Units	n/a	n/a	n/a	n/a	n/a	n/a	n/a	n/a	n/a	n/a	n/a	n/a	8,756.480	7,781.587	8,077.532	8,310.213	8,613.198	9,480.672	10,199.616	10,560.713	11,213.662	12,081.926	13,120.904	14,360.523	15,713.845	17,601.947	19,887.867	22,061.013	21,443.695	18,601.354	18,225.029	19,816.914	20,916.823	21,647.259	22,295.817	23,136.078	23,819.240	25,164.417	26,579.176	2018
Lebanon	Gross domestic product per capita, constant prices	Purchasing power parity; 2011 international dollar	Units	13,803.437	13,984.058	8,872.971	10,888.005	15,730.908	19,333.802	17,758.234	20,502.054	14,559.244	8,325.750	7,131.092	9,678.101	9,864.417	10,267.476	10,816.799	11,295.978	11,608.328	12,701.317	13,106.419	12,825.732	12,651.558	12,657.908	12,482.770	12,082.337	12,444.522	12,390.187	12,382.051	13,442.187	14,597.626	15,788.407	16,451.760	15,693.687	15,044.970	14,386.468	13,801.691	13,271.122	13,135.814	13,043.958	13,052.636	2012
Lesotho	Gross domestic product per capita, constant prices	Purchasing power parity; 2011 international dollar	Units	1,180.016	1,185.023	1,219.464	1,224.211	1,301.091	1,313.218	1,333.317	1,300.888	1,364.558	1,399.506	1,431.999	1,479.648	1,511.990	1,533.010	1,568.727	1,534.484	1,623.002	1,678.231	1,700.489	1,726.204	1,809.465	1,867.308	1,895.284	1,970.926	2,016.631	2,077.791	2,167.909	2,260.890	2,370.063	2,428.320	2,563.726	2,716.242	2,830.595	2,872.551	2,937.950	2,990.807	3,061.692	2,993.594	3,017.352	2016
Liberia	Gross domestic product per capita, constant prices	Purchasing power parity; 2011 international dollar	Units	n/a	n/a	n/a	n/a	n/a	n/a	n/a	n/a	n/a	n/a	n/a	n/a	n/a	n/a	n/a	n/a	n/a	n/a	n/a	n/a	1,328.823	1,316.809	1,342.950	937.501	956.263	985.938	1,033.235	1,123.013	1,142.760	1,155.244	1,186.110	1,239.141	1,307.684	1,388.453	1,364.840	1,331.907	1,277.766	1,276.636	1,260.111	2009
Libya	Gross domestic product per capita, constant prices	Purchasing power parity; 2011 international dollar	Units	64,937.672	49,637.944	48,121.459	44,005.152	38,678.123	39,129.175	33,388.587	27,311.377	26,042.527	26,703.637	29,397.654	33,220.081	31,594.419	29,738.674	29,727.330	25,493.812	25,678.458	25,107.569	24,563.496	24,289.247	24,745.880	23,939.656	23,354.866	26,005.209	26,721.679	29,465.819	30,829.701	32,277.960	32,574.963	31,177.378	31,735.908	10,792.046	22,860.826	14,481.610	6,811.459	5,865.825	5,378.693	8,734.555	10,194.396	2014
Lithuania	Gross domestic product per capita, constant prices	Purchasing power parity; 2011 international dollar	Units	n/a	n/a	n/a	n/a	n/a	n/a	n/a	n/a	n/a	n/a	n/a	n/a	n/a	n/a	n/a	9,307.492	9,869.918	10,767.320	11,655.724	11,605.611	12,135.364	13,033.933	14,027.257	15,631.981	16,843.978	18,443.747	20,128.249	22,627.132	23,461.896	20,209.357	20,975.963	22,751.693	23,941.403	25,031.037	26,140.284	26,920.640	27,906.427	29,506.438	30,956.557	2018
Luxembourg	Gross domestic product per capita, constant prices	Purchasing power parity; 2011 international dollar	Units	36,344.267	36,523.976	36,873.350	37,568.977	39,313.560	41,434.273	45,360.369	46,847.299	50,377.358	54,771.313	57,035.604	61,133.729	61,405.306	63,084.562	64,554.353	65,172.295	65,211.478	68,204.961	71,738.268	76,814.501	82,107.800	83,151.261	85,345.276	85,913.284	87,713.646	89,266.195	92,316.242	98,537.430	95,745.660	89,772.508	92,533.619	93,071.603	90,443.910	91,621.759	93,361.394	94,728.997	94,775.665	93,891.492	94,849.735	2017
Macao SAR	Gross domestic product per capita, constant prices	Purchasing power parity; 2011 international dollar	Units	n/a	n/a	n/a	n/a	n/a	n/a	n/a	n/a	n/a	n/a	n/a	n/a	n/a	n/a	n/a	n/a	n/a	n/a	n/a	n/a	n/a	42,616.335	45,984.975	50,634.761	61,969.091	63,971.280	68,372.840	74,663.770	75,637.399	77,639.782	95,459.157	115,105.362	120,401.203	128,266.334	121,009.201	93,322.734	92,794.847	100,521.759	103,830.215	2017
Madagascar	Gross domestic product per capita, constant prices	Purchasing power parity; 2011 international dollar	Units	2,083.304	1,829.570	1,748.638	1,719.317	1,704.194	1,677.825	1,663.505	1,635.391	1,642.251	1,659.173	1,660.664	1,509.842	1,482.126	1,467.775	1,422.613	1,402.110	1,387.937	1,394.346	1,403.800	1,424.260	1,442.193	1,482.221	1,259.499	1,341.908	1,371.256	1,395.080	1,428.551	1,467.649	1,528.470	1,426.262	1,390.536	1,371.646	1,374.320	1,366.453	1,373.190	1,376.954	1,395.355	1,415.844	1,449.092	2010
Malawi	Gross domestic product per capita, constant prices	Purchasing power parity; 2011 international dollar	Units	856.491	789.334	788.769	795.689	809.871	810.275	765.506	731.708	710.751	684.384	696.574	739.942	677.473	738.765	658.100	739.764	797.810	829.678	815.759	821.989	808.016	757.941	743.004	768.297	792.618	802.359	816.856	870.661	911.505	959.774	997.035	1,016.166	1,006.346	1,029.040	1,057.246	1,057.966	1,051.693	1,063.142	1,066.139	2011
Malaysia	Gross domestic product per capita, constant prices	Purchasing power parity; 2011 international dollar	Units	7,683.084	8,018.313	8,283.191	8,587.123	9,028.249	8,669.526	8,535.373	8,766.759	9,404.706	10,014.357	10,462.676	11,288.697	11,956.407	12,781.622	13,584.591	14,530.291	15,576.318	16,297.825	14,717.079	15,226.649	16,134.638	15,795.603	16,240.732	16,778.538	17,511.905	17,986.274	18,739.738	19,722.779	20,301.256	19,650.787	20,755.628	21,498.393	22,330.860	22,834.494	23,816.047	24,645.368	25,322.933	26,490.392	27,431.262	2018
Maldives	Gross domestic product per capita, constant prices	Purchasing power parity; 2011 international dollar	Units	3,422.082	3,552.631	3,701.460	3,728.454	4,227.217	4,626.600	4,839.184	5,134.741	5,441.124	5,796.037	5,352.535	5,463.921	5,657.783	5,805.147	6,078.616	6,405.481	6,838.460	7,392.918	7,951.153	8,355.657	8,624.292	8,732.080	9,113.510	11,246.713	11,733.419	10,014.216	12,376.660	13,123.898	14,154.420	12,998.045	13,690.224	14,599.384	14,701.233	15,511.311	16,373.433	16,567.673	17,481.919	18,381.712	19,342.331	2014
Mali	Gross domestic product per capita, constant prices	Purchasing power parity; 2011 international dollar	Units	1,293.683	1,234.918	1,070.428	1,082.051	1,085.296	1,098.653	1,145.139	1,155.341	1,139.830	1,244.278	1,339.042	1,415.368	1,363.094	1,377.294	1,392.412	1,396.136	1,458.631	1,489.459	1,494.037	1,546.558	1,504.615	1,687.856	1,690.116	1,789.465	1,761.945	1,818.496	1,842.775	1,845.399	1,870.071	1,893.520	1,932.018	1,932.642	1,859.021	1,846.517	1,920.639	1,980.830	2,034.451	2,081.531	2,119.094	2016
Malta	Gross domestic product per capita, constant prices	Purchasing power parity; 2011 international dollar	Units	14,209.123	14,465.851	14,393.961	14,237.613	14,467.917	14,689.842	14,849.530	15,585.000	16,533.923	17,537.434	18,175.885	18,745.541	20,045.457	20,627.919	21,363.312	22,632.079	23,414.479	24,355.981	25,002.688	25,797.616	25,386.737	25,371.583	25,900.186	26,374.347	26,327.435	27,143.800	27,486.932	28,532.114	29,319.499	28,387.805	29,173.473	29,505.617	30,109.306	31,118.367	33,253.145	35,903.931	37,043.845	38,658.974	40,538.946	2017
Marshall Islands	Gross domestic product per capita, constant prices	Purchasing power parity; 2011 international dollar	Units	n/a	n/a	n/a	n/a	n/a	n/a	n/a	n/a	n/a	n/a	n/a	n/a	n/a	n/a	n/a	n/a	n/a	2,504.800	2,407.950	2,512.383	2,626.173	2,735.002	2,786.266	2,763.060	2,836.001	2,842.667	2,939.342	2,852.646	2,765.875	2,972.251	2,968.093	3,048.062	3,121.492	3,088.364	3,057.643	3,100.542	3,229.591	3,259.921	3,285.929	2016
Mauritania	Gross domestic product per capita, constant prices	Purchasing power parity; 2011 international dollar	Units	n/a	n/a	n/a	n/a	n/a	n/a	n/a	n/a	n/a	n/a	2,859.716	2,784.205	2,759.115	2,843.698	2,681.558	2,861.777	2,939.660	2,735.906	2,726.286	2,847.666	2,751.109	2,724.550	2,663.914	2,743.096	2,819.045	2,985.655	3,449.922	3,448.614	3,388.805	3,259.050	3,316.952	3,371.974	3,462.544	3,565.509	3,655.378	3,567.386	3,532.829	3,541.206	3,546.889	2014
Mauritius	Gross domestic product per capita, constant prices	Purchasing power parity; 2011 international dollar	Units	4,611.960	4,811.418	5,014.233	4,987.399	5,171.179	5,481.783	5,970.004	6,527.728	6,923.225	7,177.175	7,638.377	7,891.525	8,295.606	8,614.459	8,846.043	9,146.347	9,559.161	9,977.127	10,472.244	10,609.928	11,366.857	11,639.891	11,747.425	12,360.622	12,811.468	12,920.831	13,441.201	14,146.406	14,854.680	15,306.410	15,938.433	16,561.771	17,093.321	17,628.818	18,251.933	18,875.681	19,590.224	20,318.696	21,066.404	2017
Mexico	Gross domestic product per capita, constant prices	Purchasing power parity; 2011 international dollar	Units	13,545.627	14,362.673	13,970.963	13,194.192	13,359.014	13,372.440	12,702.359	12,669.329	12,584.777	12,848.807	12,991.227	13,299.548	13,541.076	13,688.803	14,140.620	13,049.757	13,732.177	14,471.955	15,021.347	15,246.007	15,810.870	15,557.813	15,356.779	15,385.209	15,802.537	15,986.254	16,511.030	16,677.297	16,638.921	15,542.479	16,137.345	16,522.058	16,923.298	16,958.134	17,241.738	17,618.408	17,945.157	18,131.979	18,312.763	2017
Micronesia	Gross domestic product per capita, constant prices	Purchasing power parity; 2011 international dollar	Units	n/a	n/a	n/a	n/a	n/a	n/a	n/a	n/a	n/a	n/a	n/a	n/a	n/a	n/a	n/a	2,802.537	2,709.651	2,539.447	2,603.023	2,636.533	2,758.122	2,823.406	2,848.474	2,902.132	2,818.813	2,884.730	2,896.304	2,854.893	2,806.824	2,855.255	2,929.101	3,037.749	2,984.486	2,870.907	2,806.456	2,940.522	2,962.771	3,034.511	3,095.421	2016
Moldova	Gross domestic product per capita, constant prices	Purchasing power parity; 2011 international dollar	Units	n/a	n/a	n/a	n/a	n/a	n/a	n/a	n/a	n/a	n/a	n/a	n/a	4,672.366	4,628.293	3,194.539	3,152.405	2,975.873	3,033.541	2,840.778	2,748.605	2,813.241	2,990.855	3,232.607	3,456.349	3,719.335	4,009.979	4,212.816	4,349.411	4,695.487	4,418.485	4,736.537	5,013.369	4,983.865	5,437.445	5,713.271	5,697.317	5,952.117	6,238.748	6,492.954	2017
Mongolia	Gross domestic product per capita, constant prices	Purchasing power parity; 2011 international dollar	Units	n/a	n/a	n/a	n/a	n/a	n/a	n/a	n/a	n/a	n/a	5,507.022	4,880.937	4,348.169	4,171.580	4,220.750	4,423.376	4,454.303	4,562.921	4,648.076	4,741.539	4,736.797	4,896.830	5,085.208	5,394.944	5,841.047	6,149.571	6,568.714	7,042.527	7,463.558	7,173.697	7,573.697	8,723.071	9,606.145	10,496.279	11,075.711	11,110.011	11,016.018	11,388.337	11,952.595	2014
Montenegro	Gross domestic product per capita, constant prices	Purchasing power parity; 2011 international dollar	Units	n/a	n/a	n/a	n/a	n/a	n/a	n/a	n/a	n/a	n/a	n/a	n/a	n/a	n/a	n/a	n/a	n/a	n/a	n/a	n/a	10,133.793	10,207.019	10,400.952	10,660.976	11,130.059	11,597.521	12,594.908	13,427.686	14,368.956	13,506.550	13,845.832	14,273.414	13,873.449	14,351.939	14,593.841	15,078.924	15,513.673	16,208.929	16,927.556	2017
Morocco	Gross domestic product per capita, constant prices	Purchasing power parity; 2011 international dollar	Units	3,462.171	3,280.920	3,504.973	3,404.652	3,470.045	3,603.838	3,812.870	3,629.804	3,918.285	3,919.886	4,062.438	4,273.016	4,106.530	4,003.685	4,351.463	4,055.714	4,493.318	4,361.422	4,612.711	4,598.918	4,623.421	4,895.560	4,981.469	5,209.030	5,387.895	5,493.596	5,834.217	5,963.891	6,238.061	6,421.980	6,584.987	6,845.963	6,966.702	7,195.396	7,301.723	7,554.500	7,559.371	7,785.955	7,940.146	2016
Mozambique	Gross domestic product per capita, constant prices	Purchasing power parity; 2011 international dollar	Units	400.602	410.602	373.542	308.514	283.910	283.782	276.178	317.161	343.828	364.927	363.869	378.622	347.391	364.077	372.488	368.238	453.421	489.175	533.434	560.708	555.223	608.858	644.087	666.850	699.052	739.339	784.991	819.833	852.003	881.099	913.987	951.825	991.949	1,033.304	1,079.667	1,119.531	1,130.410	1,141.428	1,147.962	2015
Myanmar	Gross domestic product per capita, constant prices	Purchasing power parity; 2011 international dollar	Units	n/a	n/a	n/a	n/a	n/a	n/a	n/a	n/a	n/a	n/a	n/a	n/a	n/a	n/a	n/a	n/a	n/a	n/a	1,139.401	1,219.892	1,356.454	1,511.807	1,676.149	1,881.754	2,126.682	2,400.487	2,702.733	3,020.914	3,227.337	3,344.916	3,493.924	3,655.556	3,859.722	4,128.486	4,428.769	4,720.586	4,924.957	5,197.971	5,526.032	2015
Namibia	Gross domestic product per capita, constant prices	Purchasing power parity; 2011 international dollar	Units	n/a	n/a	n/a	n/a	n/a	n/a	n/a	n/a	n/a	n/a	6,382.049	6,447.942	6,791.328	6,466.165	6,464.564	6,541.161	6,548.763	6,612.009	6,618.348	6,632.883	6,778.577	6,933.605	7,277.003	7,406.713	7,766.765	7,987.953	8,157.351	8,447.573	8,543.269	8,441.926	8,819.463	9,131.519	9,418.525	9,763.240	10,189.388	10,606.596	10,474.091	10,180.527	9,981.208	2017
Nauru	Gross domestic product per capita, constant prices	Purchasing power parity; 2011 international dollar	Units	n/a	n/a	n/a	n/a	n/a	n/a	n/a	n/a	n/a	n/a	n/a	n/a	n/a	n/a	n/a	n/a	n/a	n/a	n/a	n/a	n/a	n/a	n/a	n/a	4,041.646	4,068.465	4,825.393	3,563.214	4,709.125	5,031.795	5,473.605	6,047.768	6,470.415	8,327.135	10,378.734	10,138.175	10,700.563	10,931.771	10,956.875	2016
Nepal	Gross domestic product per capita, constant prices	Purchasing power parity; 2011 international dollar	Units	940.595	995.874	1,009.798	957.206	1,025.932	1,064.446	1,088.496	1,082.948	1,140.671	1,162.724	1,187.034	1,230.088	1,246.380	1,259.459	1,327.317	1,339.383	1,378.218	1,419.207	1,431.149	1,466.454	1,527.638	1,585.516	1,561.279	1,597.878	1,648.986	1,684.338	1,720.852	1,760.946	1,850.025	1,914.706	1,985.981	2,031.088	2,103.355	2,163.951	2,266.184	2,314.275	2,301.675	2,456.330	2,582.120	2015
Netherlands	Gross domestic product per capita, constant prices	Purchasing power parity; 2011 international dollar	Units	27,236.920	26,912.527	26,444.794	26,808.520	27,535.215	28,134.109	28,854.231	29,201.735	30,344.178	31,513.590	32,603.925	33,141.656	33,415.637	33,603.385	34,405.057	35,181.550	36,244.413	37,616.746	39,132.239	40,828.534	42,238.553	42,898.613	42,717.318	42,584.192	43,276.676	44,059.589	45,512.335	47,125.263	47,961.484	45,967.737	46,345.882	46,844.206	46,189.542	45,996.399	46,482.673	47,191.481	47,962.424	49,021.811	50,118.924	2017
New Zealand	Gross domestic product per capita, constant prices	Purchasing power parity; 2011 international dollar	Units	20,526.142	21,023.223	21,460.806	21,231.182	22,461.168	22,515.095	22,716.004	23,064.057	22,979.908	23,085.748	23,056.506	21,975.519	21,940.821	22,718.604	23,899.131	24,544.565	25,086.225	25,568.380	25,585.016	26,575.015	27,513.617	27,808.451	28,684.097	29,471.890	30,377.175	30,803.537	31,288.472	32,248.100	31,856.788	31,577.188	31,904.358	32,311.258	32,936.568	33,283.166	33,732.722	34,383.343	35,069.159	35,244.986	35,676.264	2017
Nicaragua	Gross domestic product per capita, constant prices	Purchasing power parity; 2011 international dollar	Units	n/a	n/a	n/a	n/a	n/a	n/a	n/a	n/a	n/a	n/a	n/a	n/a	n/a	n/a	2,839.876	2,948.096	3,076.073	3,140.724	3,201.788	3,371.650	3,456.082	3,506.819	3,484.763	3,525.469	3,664.624	3,772.095	3,864.693	4,008.008	4,092.061	3,906.989	4,028.712	4,231.498	4,453.254	4,618.727	4,784.830	4,956.921	5,130.580	5,321.444	5,051.369	2017
Niger	Gross domestic product per capita, constant prices	Purchasing power parity; 2011 international dollar	Units	1,325.570	1,279.604	1,263.584	1,173.941	944.247	984.464	1,014.065	983.493	1,018.797	997.066	953.764	946.380	855.593	838.888	843.024	760.796	772.575	750.105	816.928	800.241	756.126	774.987	788.139	816.788	784.169	812.463	830.056	827.114	876.137	840.594	883.480	875.849	950.180	970.164	1,011.841	1,023.975	1,042.120	1,060.259	1,081.574	2009
Nigeria	Gross domestic product per capita, constant prices	Purchasing power parity; 2011 international dollar	Units	n/a	n/a	n/a	n/a	n/a	n/a	n/a	n/a	n/a	n/a	3,138.858	3,034.298	3,017.781	2,983.008	2,910.539	2,885.600	2,922.085	2,925.870	2,918.546	2,855.179	2,932.028	3,043.714	3,394.778	3,617.779	3,888.504	4,049.552	4,206.136	4,393.134	4,583.365	4,833.314	5,233.569	5,342.436	5,421.951	5,561.492	5,754.167	5,748.718	5,504.397	5,400.250	5,357.535	2012
North Macedonia	Gross domestic product per capita, constant prices	Purchasing power parity; 2011 international dollar	Units	n/a	n/a	n/a	n/a	n/a	n/a	n/a	n/a	n/a	n/a	n/a	n/a	9,020.187	8,303.333	8,112.395	7,975.767	8,015.820	8,098.487	8,332.022	8,655.984	9,014.014	8,708.932	8,814.562	8,989.469	9,381.340	9,803.730	10,281.676	10,929.938	11,508.656	11,444.463	11,802.655	12,064.072	11,994.480	12,324.583	12,750.852	13,229.043	13,589.929	13,612.151	13,964.123	2017
Norway	Gross domestic product per capita, constant prices	Purchasing power parity; 2011 international dollar	Units	34,846.877	35,276.894	35,227.399	36,522.018	38,625.132	40,639.335	42,131.997	42,622.735	42,288.310	42,601.937	43,254.413	44,336.240	45,651.828	46,673.000	48,766.444	50,541.725	52,807.953	55,339.305	56,442.960	57,157.613	58,629.549	59,605.897	60,091.912	60,304.864	62,334.168	63,520.045	64,483.522	65,708.701	65,122.576	63,285.560	62,873.223	62,656.105	63,529.577	63,460.478	63,958.976	64,605.327	64,790.770	65,597.723	66,094.919	2017
Oman	Gross domestic product per capita, constant prices	Purchasing power parity; 2011 international dollar	Units	20,103.919	21,730.131	24,229.274	26,086.542	27,732.698	31,760.445	30,413.965	27,482.137	28,923.607	28,131.709	33,668.299	34,449.444	36,075.671	37,013.170	37,253.445	37,981.989	38,138.542	39,632.544	39,924.082	39,338.846	41,188.284	42,309.822	41,157.939	39,399.548	39,221.596	39,463.095	40,770.260	41,706.833	44,170.268	45,284.950	46,137.801	45,614.915	45,262.278	43,556.333	42,719.516	43,987.800	43,510.951	41,821.178	41,408.371	2017
Pakistan	Gross domestic product per capita, constant prices	Purchasing power parity; 2011 international dollar	Units	2,079.805	2,145.467	2,241.419	2,326.731	2,353.458	2,490.215	2,578.852	2,658.094	2,757.005	2,817.159	2,863.528	2,945.130	3,039.478	3,024.536	3,077.814	3,154.289	3,281.144	3,257.977	3,293.039	3,352.442	3,406.206	3,381.159	3,417.951	3,492.154	3,680.724	3,934.734	4,087.559	4,237.505	4,273.525	4,199.174	4,218.488	4,282.089	4,356.910	4,427.790	4,516.697	4,608.884	4,727.329	4,887.906	5,048.716	2018
Palau	Gross domestic product per capita, constant prices	Purchasing power parity; 2011 international dollar	Units	n/a	n/a	n/a	n/a	n/a	n/a	n/a	n/a	n/a	n/a	n/a	n/a	n/a	n/a	n/a	n/a	n/a	n/a	n/a	n/a	10,181.065	10,755.801	11,001.209	10,731.707	11,252.136	11,654.404	11,423.079	11,802.338	11,393.352	10,908.610	11,146.181	11,986.764	12,923.868	12,639.157	12,974.444	14,269.003	14,018.841	13,367.708	13,290.893	2015
Panama	Gross domestic product per capita, constant prices	Purchasing power parity; 2011 international dollar	Units	8,289.489	8,837.402	9,092.545	8,485.716	8,519.599	8,743.010	8,858.639	8,513.014	7,219.114	7,180.343	7,604.405	8,145.199	8,628.692	8,910.964	8,977.020	8,949.090	9,413.745	9,821.168	10,328.747	10,515.120	10,587.607	10,435.424	10,460.598	10,692.573	11,277.937	11,863.171	12,640.992	13,917.788	15,020.484	14,945.226	15,549.154	17,020.216	18,370.398	19,316.147	19,970.479	20,785.328	21,484.504	22,290.421	22,822.007	2017
Papua New Guinea	Gross domestic product per capita, constant prices	Purchasing power parity; 2011 international dollar	Units	2,483.848	2,446.275	2,411.119	2,439.113	2,363.107	2,388.848	2,471.945	2,578.125	2,576.228	2,433.736	2,261.429	2,402.904	2,534.976	2,921.213	3,015.451	2,835.190	2,944.255	2,687.428	2,742.908	2,725.097	2,593.912	2,530.524	2,519.881	2,568.337	2,522.459	2,560.545	2,558.939	2,777.854	2,706.798	2,826.075	2,951.593	2,830.265	2,808.976	2,854.319	3,225.292	3,325.855	3,313.642	3,323.016	3,255.173	2014
Paraguay	Gross domestic product per capita, constant prices	Purchasing power parity; 2011 international dollar	Units	7,837.803	8,307.762	7,953.458	7,487.232	7,474.275	7,537.920	7,325.297	7,389.173	7,583.128	7,777.465	8,097.896	7,870.043	7,843.481	8,066.050	8,325.096	8,715.240	8,675.351	8,862.536	8,691.195	8,401.017	8,042.473	7,826.518	7,682.733	7,872.758	8,050.331	8,082.820	8,330.759	8,639.333	9,041.750	8,876.650	9,712.923	9,970.647	9,766.897	10,430.834	10,776.514	10,946.468	11,254.027	11,643.651	11,907.049	2017
Peru	Gross domestic product per capita, constant prices	Purchasing power parity; 2011 international dollar	Units	7,314.340	7,524.552	7,320.153	6,481.273	6,572.569	6,557.989	7,187.289	7,571.971	6,709.904	5,687.294	5,289.042	5,299.391	5,169.158	5,338.183	5,885.800	6,209.932	6,273.147	6,566.239	6,432.879	6,425.382	6,498.214	6,443.346	6,700.021	6,885.302	7,132.895	7,485.634	7,951.747	8,528.990	9,203.743	9,196.563	9,862.054	10,380.079	10,874.340	11,380.987	11,525.222	11,773.570	12,118.494	12,286.724	12,643.907	2017
Philippines	Gross domestic product per capita, constant prices	Purchasing power parity; 2011 international dollar	Units	4,389.861	4,428.330	4,476.556	4,448.346	4,022.880	3,638.909	3,673.865	3,738.799	3,902.871	4,048.499	4,076.491	3,960.626	3,883.085	3,874.205	3,952.223	4,042.189	4,070.816	4,186.980	4,061.745	4,098.281	4,277.398	4,313.263	4,376.410	4,504.164	4,709.214	4,835.821	4,989.294	5,215.082	5,387.319	5,354.592	5,664.932	5,773.739	6,011.558	6,325.439	6,600.551	6,885.166	7,238.827	7,599.050	7,943.120	2017
Poland	Gross domestic product per capita, constant prices	Purchasing power parity; 2011 international dollar	Units	11,043.545	9,850.596	9,287.828	9,670.483	9,552.417	9,847.437	10,128.894	10,309.336	10,637.891	11,032.381	10,144.161	9,408.882	9,575.149	9,955.802	10,455.636	11,159.159	11,846.545	12,676.211	13,300.592	13,899.826	14,644.815	14,824.949	15,043.563	15,589.136	16,401.719	16,982.210	18,039.585	19,324.635	20,151.073	20,708.383	21,519.100	22,575.117	22,937.452	23,257.493	24,057.513	24,989.104	25,780.478	27,015.337	28,390.196	2018
Portugal	Gross domestic product per capita, constant prices	Purchasing power parity; 2011 international dollar	Units	13,998.313	14,366.297	14,587.627	14,661.197	14,452.759	14,649.140	15,121.714	16,280.222	17,167.421	18,335.555	19,819.778	20,534.952	21,194.188	21,022.785	21,278.510	21,694.234	22,368.714	23,254.580	24,246.061	25,046.838	25,813.330	26,130.081	26,187.202	25,845.317	26,250.530	26,402.966	26,764.585	27,377.717	27,392.769	26,551.829	27,043.440	26,588.373	25,621.184	25,470.905	25,837.287	26,417.280	27,011.006	27,833.916	28,450.429	2017
Puerto Rico	Gross domestic product per capita, constant prices	Purchasing power parity; 2011 international dollar	Units	17,292.889	17,334.801	16,663.043	16,592.568	17,642.995	17,834.445	19,099.562	19,833.268	20,900.064	21,692.220	22,286.458	22,652.503	23,525.987	24,444.424	25,279.507	26,225.955	26,617.596	27,683.750	29,233.125	30,248.772	31,005.176	33,868.046	34,558.557	35,345.454	36,040.411	35,375.243	35,024.601	34,820.820	34,379.738	33,892.848	33,924.055	34,195.614	34,622.070	34,913.614	35,065.918	35,304.214	35,477.822	35,801.849	35,322.369	2017
Qatar	Gross domestic product per capita, constant prices	Purchasing power parity; 2011 international dollar	Units	167,762.117	148,826.609	126,850.545	112,084.371	121,879.633	100,352.738	99,088.536	95,927.073	96,522.573	97,826.833	71,455.520	69,020.719	76,137.878	74,764.540	75,348.337	76,225.066	77,801.932	97,901.053	104,753.906	105,081.936	109,399.914	110,299.038	114,853.602	113,624.285	124,151.906	117,076.249	125,359.210	124,181.452	108,379.943	115,051.927	129,852.729	145,723.752	144,215.629	137,740.720	129,489.681	122,023.836	116,062.240	116,149.110	115,978.954	2017
Romania	Gross domestic product per capita, constant prices	Purchasing power parity; 2011 international dollar	Units	11,021.572	10,967.215	11,341.088	11,973.088	12,640.070	12,570.420	12,804.516	12,833.851	12,703.018	11,923.120	11,240.505	9,802.240	8,977.383	9,164.724	9,583.531	10,328.923	10,796.756	10,197.373	9,754.977	9,688.711	9,981.828	10,552.616	11,412.177	12,135.773	13,215.171	13,855.794	15,060.278	16,190.326	18,121.755	17,285.412	16,730.242	17,146.817	17,592.782	18,280.127	18,967.104	19,778.337	20,848.383	22,437.919	23,508.437	2018
Russia	Gross domestic product per capita, constant prices	Purchasing power parity; 2011 international dollar	Units	n/a	n/a	n/a	n/a	n/a	n/a	n/a	n/a	n/a	n/a	20,729.144	19,629.927	16,751.664	15,282.591	13,343.457	12,806.991	12,362.822	12,559.575	11,919.486	12,716.314	14,043.810	14,817.684	15,587.193	16,803.571	18,076.766	19,286.366	20,901.850	22,713.249	23,916.382	22,044.365	23,027.325	24,175.359	25,042.407	25,461.946	25,610.906	24,948.591	25,010.065	25,417.541	26,015.232	2017
Rwanda	Gross domestic product per capita, constant prices	Purchasing power parity; 2011 international dollar	Units	1,054.573	1,042.268	979.909	1,001.165	1,104.220	1,114.880	1,137.062	1,095.511	1,061.370	967.879	949.520	881.584	939.145	896.792	562.261	741.538	836.966	918.575	911.970	850.281	841.131	853.697	926.017	922.502	976.210	1,052.996	1,128.783	1,188.401	1,279.296	1,331.356	1,385.934	1,465.225	1,548.811	1,585.241	1,665.099	1,771.004	1,832.575	1,899.642	2,026.762	2012
Samoa	Gross domestic product per capita, constant prices	Purchasing power parity; 2011 international dollar	Units	n/a	n/a	n/a	n/a	n/a	n/a	n/a	n/a	n/a	n/a	n/a	n/a	n/a	n/a	n/a	n/a	n/a	n/a	3,792.993	3,752.071	3,923.858	4,190.891	4,402.282	4,603.601	4,716.022	4,997.041	5,070.752	5,062.075	5,206.670	4,856.644	4,726.046	4,949.659	4,931.220	4,796.359	4,815.060	4,857.475	5,150.333	5,243.442	5,235.291	2016
San Marino	Gross domestic product per capita, constant prices	Purchasing power parity; 2011 international dollar	Units	n/a	n/a	n/a	n/a	n/a	n/a	n/a	n/a	n/a	n/a	n/a	n/a	n/a	n/a	n/a	n/a	n/a	n/a	n/a	n/a	n/a	n/a	n/a	n/a	n/a	n/a	n/a	79,112.861	77,699.841	68,789.695	64,228.283	58,183.641	53,462.414	52,393.286	51,413.952	52,229.554	53,239.800	53,285.993	53,611.992	2017
São Tomé and Príncipe	Gross domestic product per capita, constant prices	Purchasing power parity; 2011 international dollar	Units	3,157.456	2,775.662	2,799.837	2,629.046	2,409.627	2,565.243	2,352.128	2,220.506	2,202.322	2,206.359	2,098.791	2,064.749	2,019.455	2,017.911	2,023.956	2,026.256	2,018.747	2,001.634	2,014.588	2,028.068	2,001.297	2,015.289	2,025.139	2,114.234	2,145.964	2,242.112	2,381.930	2,390.428	2,511.367	2,498.251	2,590.352	2,631.218	2,642.889	2,699.878	2,805.645	2,842.449	2,891.387	2,934.419	2,954.702	2011
Saudi Arabia	Gross domestic product per capita, constant prices	Purchasing power parity; 2011 international dollar	Units	90,013.138	87,388.670	65,971.523	52,742.639	47,887.510	41,138.373	45,842.900	40,762.393	43,908.632	41,605.591	45,642.687	49,990.867	48,913.919	47,329.372	46,453.446	45,436.561	45,517.525	44,917.282	45,109.527	42,371.756	43,682.988	42,120.109	39,951.904	43,375.955	45,699.250	46,662.966	46,388.691	45,693.370	46,956.856	44,482.540	45,194.228	48,288.074	49,472.342	49,442.947	49,968.748	51,608.704	51,269.844	49,623.770	49,728.354	2017
Senegal	Gross domestic product per capita, constant prices	Purchasing power parity; 2011 international dollar	Units	2,386.180	2,440.526	2,559.692	2,354.978	2,372.815	2,379.118	2,380.506	2,450.012	2,362.836	2,384.831	2,301.222	2,294.893	2,261.096	2,223.376	2,160.313	2,215.173	2,202.466	2,216.333	2,291.778	2,379.742	2,396.710	2,444.561	2,398.476	2,493.038	2,570.751	2,644.023	2,637.494	2,693.901	2,727.285	2,707.383	2,724.538	2,684.326	2,738.793	2,732.959	2,828.414	2,921.947	3,016.405	3,144.381	3,245.507	2017
Serbia	Gross domestic product per capita, constant prices	Purchasing power parity; 2011 international dollar	Units	n/a	n/a	n/a	n/a	n/a	n/a	n/a	n/a	n/a	n/a	n/a	n/a	n/a	n/a	n/a	n/a	n/a	7,888.963	8,111.939	7,152.459	7,732.100	8,132.112	8,714.727	9,123.166	9,971.734	11,017.344	11,625.709	12,424.625	13,183.312	12,874.700	13,021.060	13,387.032	13,360.454	13,813.952	13,660.648	13,974.639	14,517.265	14,893.822	15,604.729	2017
Seychelles	Gross domestic product per capita, constant prices	Purchasing power parity; 2011 international dollar	Units	10,482.337	9,954.170	9,690.807	9,642.766	9,998.578	10,938.731	10,953.580	11,010.067	11,553.330	12,665.769	13,543.398	13,733.110	14,650.802	15,396.610	14,626.314	14,482.763	15,698.713	17,407.486	17,491.558	17,472.416	18,053.673	17,628.218	17,513.964	16,471.346	16,061.208	17,427.977	18,673.308	20,513.640	19,630.601	19,337.201	19,922.733	21,553.492	22,128.423	23,030.825	23,702.772	24,390.313	25,311.436	26,463.854	27,115.842	2015
Sierra Leone	Gross domestic product per capita, constant prices	Purchasing power parity; 2011 international dollar	Units	1,940.652	1,929.748	1,923.776	1,850.059	1,870.784	1,710.571	1,675.398	1,678.618	1,677.288	1,719.824	1,722.270	1,575.513	1,425.477	1,434.231	1,492.657	1,345.786	1,010.432	828.182	812.206	732.221	739.320	842.001	1,018.676	1,062.952	1,084.135	1,090.014	1,099.677	1,155.806	1,188.940	1,198.979	1,234.380	1,282.278	1,443.579	1,703.860	1,726.238	1,342.867	1,397.452	1,418.933	1,440.147	2017
Singapore	Gross domestic product per capita, constant prices	Purchasing power parity; 2011 international dollar	Units	20,626.166	21,758.212	22,317.573	23,911.033	25,528.206	25,318.197	25,678.583	28,016.295	30,350.281	32,473.436	34,372.041	35,641.778	37,038.316	40,279.576	43,300.617	44,957.135	46,417.845	48,606.755	45,937.729	48,349.793	51,747.639	49,890.805	51,519.708	54,604.024	59,074.051	62,023.072	65,438.241	68,487.219	66,098.779	63,748.051	72,173.308	75,290.064	76,602.916	79,105.206	81,298.518	82,352.228	83,602.884	86,810.784	89,196.130	2017
Slovak Republic	Gross domestic product per capita, constant prices	Purchasing power parity; 2011 international dollar	Units	n/a	n/a	n/a	n/a	n/a	n/a	n/a	n/a	n/a	n/a	n/a	n/a	n/a	11,673.408	12,328.349	13,224.870	14,113.508	14,821.262	15,390.933	15,343.032	15,513.561	16,087.279	16,814.370	17,738.899	18,682.218	19,940.454	21,625.010	23,959.245	25,294.522	23,894.799	25,062.205	25,758.977	26,128.326	26,485.920	27,188.632	28,295.533	29,153.468	30,032.706	31,226.781	2017
Slovenia	Gross domestic product per capita, constant prices	Purchasing power parity; 2011 international dollar	Units	n/a	n/a	n/a	n/a	n/a	n/a	n/a	n/a	n/a	n/a	n/a	n/a	16,228.108	16,766.321	17,654.936	18,376.340	19,030.684	20,036.948	20,716.842	21,882.177	22,683.425	23,325.059	24,172.096	24,846.551	25,909.613	26,931.164	28,372.470	30,236.030	31,235.585	28,486.960	28,633.640	28,774.404	27,933.996	27,573.114	28,355.501	28,983.934	29,854.165	31,285.304	32,663.326	2017
Solomon Islands	Gross domestic product per capita, constant prices	Purchasing power parity; 2011 international dollar	Units	1,868.736	1,774.565	1,688.208	1,698.090	1,648.426	1,549.091	1,501.412	1,582.329	1,558.148	1,580.149	1,570.423	1,618.383	1,772.956	1,792.244	1,883.274	2,015.638	1,991.525	1,919.180	1,891.038	1,831.069	1,527.724	1,369.007	1,295.942	1,345.053	1,417.357	1,560.410	1,584.105	1,646.265	1,723.358	1,605.283	1,677.188	1,857.746	1,901.374	1,915.529	1,914.595	1,921.006	1,944.626	1,970.015	1,992.868	2014
South Africa	Gross domestic product per capita, constant prices	Purchasing power parity; 2011 international dollar	Units	10,780.907	11,073.254	10,749.715	10,282.481	10,538.388	10,167.653	9,943.345	9,937.163	10,136.857	10,157.419	9,899.464	9,564.678	9,127.787	9,017.413	9,090.299	9,175.289	9,392.983	9,477.782	9,380.914	9,464.885	9,715.247	9,828.701	10,116.714	10,294.013	10,634.681	11,059.230	11,532.874	11,995.561	12,215.983	11,866.681	12,059.556	12,280.759	12,372.415	12,493.886	12,533.941	12,489.427	12,343.134	12,317.966	12,155.976	2017
South Sudan	Gross domestic product per capita, constant prices	Purchasing power parity; 2011 international dollar	Units	n/a	n/a	n/a	n/a	n/a	n/a	n/a	n/a	n/a	n/a	n/a	n/a	n/a	n/a	n/a	n/a	n/a	n/a	n/a	n/a	n/a	n/a	n/a	n/a	n/a	n/a	n/a	n/a	n/a	n/a	n/a	3,373.947	1,550.209	1,940.440	1,935.851	1,875.390	1,516.996	1,393.236	1,335.235	2008
Spain	Gross domestic product per capita, constant prices	Purchasing power parity; 2011 international dollar	Units	18,353.436	18,106.648	18,233.318	18,448.068	18,686.825	19,060.950	19,658.267	20,732.126	21,781.459	22,825.958	23,662.492	24,195.877	24,321.307	23,927.303	24,420.126	25,367.331	25,921.557	26,852.629	27,954.658	29,130.728	30,346.576	31,395.896	31,787.437	32,200.606	32,705.632	33,299.088	34,143.429	34,744.786	34,561.858	33,050.655	32,917.192	32,467.682	31,496.320	31,073.903	31,595.988	32,780.848	33,827.626	34,830.142	35,679.295	2017
Sri Lanka	Gross domestic product per capita, constant prices	Purchasing power parity; 2011 international dollar	Units	2,480.477	2,578.248	2,679.444	2,736.325	2,889.275	3,002.963	3,100.826	3,114.856	3,167.133	3,206.028	3,369.705	3,689.633	3,533.470	3,757.842	4,021.731	4,230.318	4,712.532	5,168.138	5,057.298	5,175.486	5,577.429	5,430.872	5,590.034	5,874.019	6,143.593	6,476.243	6,921.249	7,339.197	7,723.239	7,945.069	8,529.571	9,193.360	9,980.023	10,238.712	10,650.390	11,079.708	11,445.463	11,691.285	11,908.974	2017
St. Kitts and Nevis	Gross domestic product per capita, constant prices	Purchasing power parity; 2011 international dollar	Units	7,775.742	8,028.000	8,561.941	8,429.484	9,296.519	9,961.141	10,924.080	11,926.300	13,258.491	14,122.853	14,899.739	15,171.497	15,506.811	16,157.540	16,818.953	17,191.015	18,002.467	19,113.042	19,103.470	19,632.159	21,359.684	22,236.272	22,467.409	21,388.619	21,948.016	23,758.950	24,154.526	23,864.293	25,135.384	24,024.271	23,414.843	23,575.453	23,160.351	24,160.752	25,352.038	25,634.377	25,963.214	26,001.498	26,507.088	2015
St. Lucia	Gross domestic product per capita, constant prices	Purchasing power parity; 2011 international dollar	Units	5,182.266	5,373.622	5,416.581	5,563.596	5,925.814	6,568.978	7,402.340	7,585.012	8,513.337	9,117.245	9,913.626	9,814.439	10,427.978	10,417.530	10,375.363	10,352.824	10,483.509	10,229.666	10,709.158	10,869.861	10,715.382	10,225.397	10,188.369	10,524.491	11,163.347	10,989.213	11,525.782	11,627.752	12,063.617	12,292.704	12,252.446	12,637.911	12,467.933	12,102.562	11,997.052	11,954.267	12,341.643	12,714.749	12,759.946	2015
St. Vincent and the Grenadines	Gross domestic product per capita, constant prices	Purchasing power parity; 2011 international dollar	Units	3,939.296	4,056.798	4,127.815	4,228.327	4,420.056	4,576.420	4,790.721	4,790.070	5,388.279	5,536.186	5,757.728	5,840.448	6,256.380	6,482.403	6,408.365	6,845.590	6,919.775	7,180.286	7,502.219	7,662.039	7,802.216	7,933.689	8,381.998	8,957.470	9,328.768	9,568.489	10,101.578	10,365.454	10,298.590	10,082.546	9,837.692	9,852.177	9,970.150	10,208.632	10,223.168	10,298.381	10,373.433	10,434.233	10,627.961	2016
Sudan	Gross domestic product per capita, constant prices	Purchasing power parity; 2011 international dollar	Units	2,579.159	2,662.352	2,693.820	2,580.169	2,326.331	2,248.849	2,404.812	2,490.494	2,549.797	2,521.874	2,329.781	2,420.127	2,480.378	2,475.213	2,489.623	2,807.180	2,893.305	3,005.512	3,187.715	3,257.141	3,450.787	3,729.853	3,854.783	3,987.457	4,086.015	4,215.752	4,377.291	4,511.037	4,565.853	4,326.989	4,380.054	5,230.108	4,044.280	3,997.309	4,057.710	4,012.061	4,008.612	3,956.975	3,761.814	2011
Suriname	Gross domestic product per capita, constant prices	Purchasing power parity; 2011 international dollar	Units	n/a	n/a	n/a	n/a	n/a	n/a	n/a	n/a	n/a	n/a	10,280.261	8,731.012	8,964.749	8,638.656	7,939.046	8,706.624	9,567.037	10,087.009	10,186.440	9,947.453	9,819.052	10,150.455	10,404.953	10,939.456	11,529.247	11,957.690	12,503.978	12,994.325	13,348.141	13,564.862	14,076.506	14,658.366	15,005.667	15,204.505	15,009.857	14,279.768	13,287.402	13,334.937	13,427.084	2016
Sweden	Gross domestic product per capita, constant prices	Purchasing power parity; 2011 international dollar	Units	24,487.580	25,583.762	25,934.681	26,458.526	27,554.963	28,128.679	28,871.233	29,698.641	30,268.150	30,765.777	30,782.213	30,277.609	29,817.188	29,089.156	30,033.473	31,166.191	31,614.566	32,523.786	33,877.462	35,369.065	36,958.430	37,428.980	38,070.448	38,817.384	40,330.208	41,299.550	42,929.641	44,055.922	43,463.013	40,832.694	42,935.149	43,772.667	43,308.426	43,440.280	44,101.900	45,582.566	46,131.016	46,519.751	47,097.437	2017
Switzerland	Gross domestic product per capita, constant prices	Purchasing power parity; 2011 international dollar	Units	39,918.663	40,359.647	39,596.732	39,605.511	40,718.486	42,021.631	42,610.796	43,032.915	44,159.865	45,730.416	46,977.890	46,022.408	45,367.855	44,885.176	45,081.307	45,000.064	44,964.644	45,887.187	47,133.351	47,722.753	49,390.899	49,789.438	49,483.310	49,125.751	50,071.487	51,299.887	53,075.958	54,888.024	55,426.811	53,424.830	54,364.769	54,772.439	54,732.554	55,179.316	55,848.442	55,882.997	56,162.979	56,473.638	57,466.386	2017
Syria	Gross domestic product per capita, constant prices	Purchasing power parity; 2011 international dollar	Units	4,816.292	5,049.766	5,013.076	4,929.222	4,460.389	4,627.393	4,266.042	4,177.668	4,555.446	4,140.325	4,417.168	4,748.635	5,225.265	5,458.365	5,608.447	5,762.963	5,790.047	5,592.316	5,764.557	5,449.640	5,432.825	5,483.353	5,647.676	5,374.346	5,571.576	5,729.160	5,872.459	6,055.370	6,173.178	6,379.776	6,506.501	n/a	n/a	n/a	n/a	n/a	n/a	n/a	n/a	2010
Taiwan Province of China	Gross domestic product per capita, constant prices	Purchasing power parity; 2011 international dollar	Units	8,062.540	8,479.933	8,732.327	9,382.795	10,174.725	10,528.760	11,623.696	12,956.791	13,834.839	14,894.372	15,546.490	16,678.877	17,891.227	18,932.766	20,176.270	21,307.318	22,446.538	23,580.578	24,365.377	25,809.216	27,239.092	26,741.174	28,087.456	29,136.441	30,916.390	32,474.474	34,141.512	36,236.865	36,367.406	35,669.557	39,389.435	40,777.485	41,456.757	42,265.232	43,851.727	44,095.599	44,671.478	45,985.546	47,132.093	2017
Tajikistan	Gross domestic product per capita, constant prices	Purchasing power parity; 2011 international dollar	Units	n/a	n/a	n/a	n/a	n/a	n/a	n/a	n/a	n/a	n/a	n/a	n/a	1,919.829	1,695.395	1,324.654	1,146.657	1,083.642	1,085.558	1,120.745	1,128.691	1,202.449	1,301.869	1,393.780	1,505.775	1,631.656	1,705.078	1,786.285	1,884.737	1,989.857	2,022.340	2,106.213	2,211.621	2,324.230	2,440.441	2,546.366	2,640.450	2,762.439	2,896.760	3,036.275	2014
Tanzania	Gross domestic product per capita, constant prices	Purchasing power parity; 2011 international dollar	Units	1,375.204	1,341.710	1,311.454	1,305.868	1,314.005	1,338.502	1,390.477	1,435.918	1,462.554	1,466.653	1,518.490	1,500.732	1,463.036	1,436.472	1,416.681	1,425.922	1,449.870	1,460.945	1,475.761	1,508.015	1,543.336	1,518.941	1,587.303	1,675.608	1,766.405	1,853.585	1,887.327	1,992.993	2,049.778	2,105.898	2,184.978	2,301.353	2,363.196	2,474.032	2,588.730	2,694.438	2,820.440	2,929.389	3,061.060	2012
Thailand	Gross domestic product per capita, constant prices	Purchasing power parity; 2011 international dollar	Units	3,736.253	3,843.016	3,968.334	4,133.126	4,279.585	4,372.809	4,512.862	4,859.866	5,396.459	6,018.344	6,596.949	7,068.698	7,707.729	8,284.920	8,850.803	9,467.242	9,893.279	9,517.065	8,696.734	8,995.411	9,295.069	9,559.918	10,089.722	10,753.618	11,363.543	11,772.884	12,286.774	12,880.591	13,026.466	12,863.456	13,750.239	13,805.004	14,742.525	15,077.487	15,171.371	15,590.978	16,061.736	16,661.148	17,312.597	2017
Timor-Leste	Gross domestic product per capita, constant prices	Purchasing power parity; 2011 international dollar	Units	n/a	n/a	n/a	n/a	n/a	n/a	n/a	n/a	n/a	n/a	n/a	n/a	n/a	n/a	n/a	n/a	n/a	n/a	n/a	n/a	2,521.539	2,639.795	2,421.980	2,368.139	3,630.117	4,843.225	6,727.200	6,925.649	7,444.106	6,915.940	6,760.497	7,416.533	7,611.757	6,611.165	4,769.833	5,633.243	5,550.915	5,181.055	4,659.428	2015
Togo	Gross domestic product per capita, constant prices	Purchasing power parity; 2011 international dollar	Units	1,870.292	1,747.763	1,623.483	1,486.010	1,518.716	1,522.429	1,521.284	1,436.999	1,535.408	1,554.457	1,605.093	1,560.603	1,480.985	1,215.481	1,355.137	1,581.210	1,475.491	1,482.090	1,400.003	1,389.027	1,334.620	1,309.378	1,325.899	1,382.342	1,338.265	1,247.563	1,252.403	1,141.212	1,155.884	1,187.392	1,226.399	1,270.419	1,317.991	1,362.119	1,405.649	1,448.720	1,491.142	1,518.557	1,551.630	2016
Tonga	Gross domestic product per capita, constant prices	Purchasing power parity; 2011 international dollar	Units	1,712.327	1,941.558	2,178.366	2,280.323	3,251.538	3,451.696	3,775.315	3,829.486	3,677.058	3,699.015	3,853.620	4,056.604	3,883.068	3,861.315	3,948.473	4,111.884	4,110.335	3,947.675	4,057.135	4,129.281	4,155.379	4,269.338	4,348.292	4,372.363	4,406.056	4,404.402	4,277.345	4,237.170	4,340.592	4,457.656	4,583.029	4,655.164	4,596.425	4,557.676	4,657.468	4,895.926	5,211.399	5,340.197	5,431.640	2017
Trinidad and Tobago	Gross domestic product per capita, constant prices	Purchasing power parity; 2011 international dollar	Units	16,246.719	16,724.574	17,080.294	15,077.902	14,001.515	13,250.087	12,673.558	11,982.119	11,420.288	11,244.032	11,336.417	11,613.153	12,706.952	12,551.739	12,938.026	13,380.836	14,297.177	15,344.516	16,566.696	17,864.547	19,049.112	19,685.266	21,003.104	23,802.145	25,417.978	26,783.584	30,436.149	31,583.002	32,469.254	30,757.117	31,666.353	31,447.280	31,074.893	31,624.025	31,084.242	31,550.104	29,393.897	28,708.656	28,670.276	2017
Tunisia	Gross domestic product per capita, constant prices	Purchasing power parity; 2011 international dollar	Units	4,989.046	5,120.297	4,974.482	5,086.064	5,315.807	5,437.696	5,158.077	5,388.478	5,302.092	5,342.595	5,549.105	5,651.822	5,972.808	5,994.187	6,092.552	6,147.296	6,467.857	6,744.798	6,993.653	7,333.909	7,573.938	7,791.967	7,832.099	8,138.226	8,578.459	8,802.958	9,179.500	9,698.424	10,003.300	10,195.577	10,436.417	10,120.677	10,404.218	10,579.118	10,767.039	10,765.865	10,761.494	10,849.313	10,997.167	2017
Turkey	Gross domestic product per capita, constant prices	Purchasing power parity; 2011 international dollar	Units	7,990.438	8,151.543	8,241.108	8,440.987	8,821.849	9,006.628	9,440.696	10,189.667	10,215.337	10,059.759	10,801.381	10,718.760	11,174.615	11,880.069	11,055.503	11,668.146	12,297.439	13,027.543	13,240.768	12,610.305	13,258.274	12,301.737	12,935.292	13,501.046	14,624.002	15,744.750	16,653.884	17,279.521	17,198.732	16,153.811	17,248.624	18,908.808	19,577.939	20,951.961	21,742.944	22,760.075	23,168.705	24,585.928	24,850.099	2018
Turkmenistan	Gross domestic product per capita, constant prices	Purchasing power parity; 2011 international dollar	Units	n/a	n/a	n/a	n/a	n/a	n/a	n/a	n/a	n/a	n/a	n/a	n/a	4,355.609	3,880.860	3,128.289	2,838.934	2,599.272	2,269.237	2,388.608	2,748.843	3,222.120	3,836.225	4,394.387	5,092.638	5,780.120	6,463.735	7,092.318	7,784.698	8,824.999	9,250.698	9,940.705	11,212.539	12,229.954	13,225.721	14,327.185	14,980.227	15,691.496	16,510.077	17,357.711	2004
Tuvalu	Gross domestic product per capita, constant prices	Purchasing power parity; 2011 international dollar	Units	n/a	n/a	n/a	n/a	n/a	n/a	n/a	n/a	n/a	n/a	n/a	n/a	n/a	n/a	n/a	n/a	n/a	n/a	n/a	n/a	n/a	n/a	3,169.619	3,032.053	2,943.221	2,786.042	2,830.043	2,971.299	3,166.898	2,989.528	2,860.210	3,046.547	2,892.353	2,992.940	3,021.499	3,284.941	3,371.488	3,467.256	3,601.749	2012
Uganda	Gross domestic product per capita, constant prices	Purchasing power parity; 2011 international dollar	Units	968.626	976.233	1,025.044	1,042.753	979.727	918.989	895.544	898.082	937.306	961.415	987.906	970.976	995.494	1,027.097	1,070.874	1,133.016	1,168.864	1,184.739	1,218.700	1,274.339	1,281.665	1,350.275	1,398.932	1,433.411	1,465.597	1,559.811	1,614.478	1,686.046	1,798.557	1,879.762	1,959.434	2,025.656	2,006.706	2,040.991	2,074.180	2,129.116	2,114.902	2,154.556	2,220.076	2016
Ukraine	Gross domestic product per capita, constant prices	Purchasing power parity; 2011 international dollar	Units	n/a	n/a	n/a	n/a	n/a	n/a	n/a	n/a	n/a	n/a	n/a	9,984.956	8,983.855	7,677.248	5,977.413	5,295.630	4,818.856	4,705.655	4,660.207	4,691.467	5,015.854	5,323.346	5,654.455	6,241.352	7,028.438	7,300.773	7,903.561	8,602.268	8,835.300	7,530.793	7,871.259	8,327.929	8,362.635	8,383.829	8,289.993	7,509.459	7,724.685	7,956.859	8,252.020	2017
United Arab Emirates	Gross domestic product per capita, constant prices	Purchasing power parity; 2011 international dollar	Units	172,994.499	171,585.998	149,723.680	137,174.110	132,341.723	122,460.702	94,744.998	95,779.348	78,156.516	87,048.554	108,492.404	106,014.961	104,758.129	101,108.216	101,396.731	99,955.461	103,914.107	106,812.067	98,008.101	95,012.823	108,080.710	103,523.507	100,323.883	102,955.724	106,516.565	102,315.107	92,053.482	76,590.505	60,893.328	56,819.960	57,275.686	59,461.205	60,318.239	61,520.698	62,356.162	63,606.111	63,677.838	62,389.036	61,673.226	2005
United Kingdom	Gross domestic product per capita, constant prices	Purchasing power parity; 2011 international dollar	Units	20,547.116	20,378.545	20,812.967	21,682.033	22,139.024	23,008.739	23,676.909	24,879.286	26,260.120	26,858.701	26,981.165	26,594.247	26,625.242	27,236.873	28,225.358	28,837.141	29,497.577	30,684.796	31,622.753	32,522.799	33,530.544	34,350.649	35,059.270	36,065.424	36,719.446	37,585.365	38,280.738	38,940.206	38,488.528	36,595.420	36,925.697	37,221.673	37,511.344	38,039.493	38,863.071	39,462.618	39,839.527	40,324.983	40,626.720	2017
United States	Gross domestic product per capita, constant prices	Purchasing power parity; 2011 international dollar	Units	29,135.978	29,577.300	28,767.383	29,813.851	31,692.731	32,722.011	33,548.731	34,400.814	35,513.421	36,472.583	36,750.105	36,225.752	37,007.317	37,533.546	38,574.626	39,144.206	40,150.403	41,437.687	42,792.733	44,317.452	45,639.656	45,623.492	45,966.325	46,840.039	48,179.412	49,412.962	50,345.008	50,784.459	50,246.591	48,548.842	49,413.689	49,825.501	50,585.879	51,164.969	52,042.716	53,156.548	53,606.398	54,440.896	55,649.950	2017
Uruguay	Gross domestic product per capita, constant prices	Purchasing power parity; 2011 international dollar	Units	9,872.063	9,990.981	8,999.468	8,648.517	8,499.678	8,570.610	9,277.242	9,957.252	10,043.865	10,098.636	10,073.011	10,369.152	11,124.841	11,352.374	12,064.800	11,816.300	12,398.397	12,875.523	13,320.585	12,834.482	12,555.625	12,112.680	11,274.783	11,565.789	12,091.470	12,872.245	13,377.277	14,249.007	15,252.164	15,828.681	16,970.303	17,763.024	18,317.279	19,090.473	19,631.542	19,628.377	19,884.535	20,336.936	20,688.323	2015
Uzbekistan	Gross domestic product per capita, constant prices	Purchasing power parity; 2011 international dollar	Units	n/a	n/a	n/a	n/a	n/a	n/a	n/a	n/a	n/a	n/a	n/a	n/a	2,619.206	2,501.256	2,325.443	2,263.146	2,257.767	2,301.867	2,364.781	2,431.150	2,533.355	2,605.138	2,676.690	2,754.877	2,926.570	3,093.655	3,288.848	3,553.868	3,815.279	4,055.232	4,325.391	4,503.151	4,800.293	5,109.824	5,428.624	5,755.966	6,164.876	6,597.660	6,813.797	2017
Vanuatu	Gross domestic product per capita, constant prices	Purchasing power parity; 2011 international dollar	Units	2,216.690	2,235.910	2,206.032	2,218.322	2,355.976	2,291.422	2,222.174	2,127.251	2,033.514	2,050.551	2,259.452	2,284.253	2,297.640	2,270.330	2,367.174	2,330.377	2,324.210	2,376.468	2,343.481	2,292.558	2,374.115	2,242.196	2,078.134	2,117.656	2,152.590	2,215.824	2,349.364	2,415.349	2,513.300	2,541.639	2,521.542	2,494.999	2,481.698	2,473.675	2,473.781	2,422.100	2,470.670	2,521.689	2,543.870	2017
Venezuela	Gross domestic product per capita, constant prices	Purchasing power parity; 2011 international dollar	Units	18,247.376	17,477.043	17,421.580	15,273.409	15,632.387	15,340.105	16,077.815	16,437.154	17,079.568	14,351.534	14,786.117	15,842.938	16,416.702	16,091.897	15,368.405	15,632.062	15,272.603	15,917.571	15,651.350	14,428.326	14,468.728	14,713.299	13,192.665	11,974.821	13,941.057	15,139.893	16,378.584	17,541.548	18,189.957	17,346.050	16,837.099	17,285.972	17,996.472	17,980.518	17,039.990	15,763.972	13,037.879	11,075.011	9,487.127	2010
Vietnam	Gross domestic product per capita, constant prices	Purchasing power parity; 2011 international dollar	Units	1,013.847	1,050.709	1,114.383	1,171.207	1,245.713	1,290.596	1,307.428	1,311.054	1,351.878	1,428.663	1,472.524	1,529.662	1,633.404	1,735.075	1,856.884	2,000.957	2,153.119	2,292.590	2,387.818	2,464.555	2,596.621	2,738.602	2,894.192	3,061.653	3,254.562	3,484.907	3,686.955	3,907.264	4,084.823	4,259.958	4,486.260	4,716.975	4,910.307	5,121.739	5,370.260	5,667.409	5,955.909	6,296.936	6,676.087	2016
Yemen	Gross domestic product per capita, constant prices	Purchasing power parity; 2011 international dollar	Units	n/a	n/a	n/a	n/a	n/a	n/a	n/a	n/a	n/a	n/a	3,319.222	3,368.147	3,471.970	3,440.362	3,507.701	3,555.814	3,584.743	3,646.797	3,745.693	3,769.319	3,880.392	3,904.052	3,932.654	3,954.109	3,984.409	4,077.769	4,081.064	4,091.013	4,113.254	4,144.342	4,333.545	3,672.368	3,650.726	3,715.359	3,600.338	2,912.482	2,442.485	2,232.600	2,113.119	2017
Zambia	Gross domestic product per capita, constant prices	Purchasing power parity; 2011 international dollar	Units	3,158.251	3,260.415	3,066.992	2,939.647	2,802.943	2,754.217	2,719.391	2,679.656	2,842.319	2,656.886	2,561.000	2,468.342	2,446.074	2,375.302	1,998.323	2,003.789	2,072.845	2,094.161	2,029.949	2,067.677	2,092.246	2,147.493	2,188.052	2,281.440	2,379.406	2,484.201	2,607.372	2,745.979	2,874.602	3,048.306	3,263.417	3,342.460	3,488.663	3,554.759	3,609.302	3,602.189	3,624.618	3,634.446	3,647.591	2010
Zimbabwe	Gross domestic product per capita, constant prices	Purchasing power parity; 2011 international dollar	Units	n/a	n/a	n/a	n/a	n/a	n/a	n/a	n/a	n/a	n/a	n/a	n/a	n/a	n/a	n/a	n/a	n/a	n/a	3,285.328	3,257.705	3,128.150	3,121.964	2,889.122	2,418.649	2,249.598	2,065.220	1,961.927	1,890.485	1,571.462	1,672.509	1,983.870	2,243.803	2,496.955	2,476.398	2,471.364	2,452.062	2,407.849	2,457.418	2,477.915	2012

International Monetary Fund, World Economic Outlook Database, April 2019